,2022_05_09T11_13_38_coda,2022_05_09T11_13_38_envelope,2023_03_22T14_50_33_coda,2023_03_22T14_50_33_envelope,2018_11_18T12_48_44_coda,2018_11_18T12_48_44_envelope,2023_06_16T16_38_28_coda,2023_06_16T16_38_28_envelope,2012_12_30T23_35_02_coda,2012_12_30T23_35_02_envelope
RSP,3.204281396235853e-10,2.1727085565013715e-10,1.8107467521778608e-10,2.430460893453771e-10,0.0,0.0,2.905561013232306e-09,8.989867713958045e-09,3.661305117267102e-10,8.286187178220056e-10
SURF,1.0565359013710486e-10,6.606657666917451e-11,2.0019818702895567e-10,2.579673329241653e-10,2.6611845262538904e-10,3.14649346286403e-10,3.946633541797082e-09,1.0757155914954143e-08,2.176949505756744e-10,3.909711611686957e-10
CI20,6.830371575575405e-10,5.608296480102464e-10,0.0,0.0,3.9130631832208875e-10,4.693586034818807e-10,2.4488166610602994e-09,7.722210369126771e-09,0.0,0.0
ETSF,1.3514758464134846e-10,6.473848853180294e-11,0.0,0.0,0.0,0.0,3.6487350250048485e-09,1.1208153707249472e-08,0.0,0.0
DAVA,3.85796603241684e-10,2.5923516982001193e-10,6.923177207004441e-10,9.050150144192983e-10,6.18805553293503e-10,6.617718155883422e-10,1.0710995430745044e-08,3.238006020813897e-08,6.560968751005169e-10,2.564753321158713e-09
ISO,9.064940018431966e-11,5.065698521143026e-11,1.4158791619447475e-10,1.8380719385525216e-10,2.4700100945996627e-10,3.0126498568504056e-10,2.046682047222573e-09,6.613610399835553e-09,2.2515690106624206e-10,3.5394206666902033e-10
XBFO,2.3911997056729434e-10,1.1816897340965152e-10,0.0,0.0,3.9226559731830007e-10,4.1488478868624255e-10,6.1043515791158005e-09,2.40414110954333e-08,0.0,0.0
CARA,1.7241291962807458e-10,9.753529819181544e-11,4.813203378965486e-10,6.51818903847468e-10,0.0,0.0,5.016253650208959e-09,1.3284685748289021e-08,0.0,0.0
STV,4.5476591744166876e-10,2.1267074051115547e-10,2.19681662848423e-10,2.8238834737960456e-10,0.0,0.0,3.660412027908583e-09,9.699196383623473e-09,2.892026614678256e-10,5.197154565820342e-10
BANN,1.4161027085396338e-10,7.54679241370814e-11,2.910534520516365e-10,3.983260838141984e-10,0.0,0.0,4.8094374154424255e-09,1.2201660689494138e-08,0.0,0.0
OGVG,1.0768091617813824e-10,6.126067528796493e-11,2.042670032969512e-10,2.747113181274425e-10,1.7083040165619562e-10,1.8626678540044875e-10,3.543386218116656e-09,9.602906012594615e-09,0.0,0.0
WOLEN,7.09748138818439e-10,5.530270785319018e-10,0.0,0.0,0.0,0.0,8.903059891843385e-09,2.9010389009089522e-08,0.0,0.0
WALHA,2.4978535829423046e-10,1.9590831111909647e-10,0.0,0.0,2.7722430873473256e-10,3.1124413536657684e-10,4.6404249130398045e-09,1.5375454478665574e-08,0.0,0.0
DOSS,1.5284675270696426e-10,1.308445160907805e-10,2.5797009118197676e-10,3.4097672864406047e-10,2.6512120656898244e-10,2.681698814628513e-10,3.087365647393041e-09,1.0730624943360042e-08,0.0,0.0
CANO,5.862799874249773e-10,4.067079870910881e-10,5.786177032438691e-10,8.355046202295237e-10,0.0,0.0,7.509814637508339e-09,1.84873541782473e-08,0.0,0.0
MON,1.994970990194882e-09,1.6040940266353667e-09,1.518879662429247e-09,1.9996354892957148e-09,0.0,0.0,1.0150406856257828e-08,3.1969884756507814e-08,2.4395703724481865e-09,3.1577854101561532e-09
DUDEL,1.689297098168386e-09,1.1894844874910856e-09,2.765446349831422e-09,3.45235147992492e-09,0.0,0.0,1.6555916708944944e-08,6.575308234880757e-08,0.0,0.0
FETA,2.1901786541858383e-10,1.9354439390632816e-10,3.4452425749713905e-10,4.6041856872195176e-10,2.9658675278416675e-10,3.217333011832761e-10,5.010843605394992e-09,1.8413675879497547e-08,0.0,0.0
EMING,1.8348432997098664e-10,1.4874958477104994e-10,0.0,0.0,2.2643931182823224e-10,2.440394968307302e-10,4.433311995569344e-09,1.4548152796225838e-08,0.0,0.0
OGJA,1.1438178471846299e-10,8.083404286676118e-11,1.9563945510909839e-10,2.6558703269385456e-10,0.0,0.0,3.922157715672631e-09,1.0706655946411449e-08,0.0,0.0
CMAS,1.7380047249372107e-10,1.3181797302533326e-10,0.0,0.0,0.0,0.0,2.5486869520119006e-09,8.631521942531555e-09,0.0,0.0
REYF,1.4259922119092527e-10,7.200266775855726e-11,0.0,0.0,0.0,0.0,3.909297326398379e-09,1.264522134352996e-08,0.0,0.0
RESF,4.0305394034062237e-10,2.888469197890456e-10,0.0,0.0,0.0,0.0,8.519884968068761e-09,2.1370784745437093e-08,0.0,0.0
TURF,3.5424621747236136e-10,2.0910187184396587e-10,3.140376669261952e-10,4.1956750643574605e-10,7.667272122408945e-10,9.391939535863151e-10,4.8786587096030795e-09,1.3476282907274051e-08,0.0,0.0
ECH,3.5701476882558447e-10,1.7456828693817019e-10,0.0,0.0,4.444904071230309e-10,4.774178675461093e-10,1.0222633822447517e-08,3.772944575193653e-08,7.094374398117679e-10,2.166616218521809e-09
PANIX,2.5224143695959856e-10,1.9748426366561718e-10,0.0,0.0,2.1590303678863368e-10,2.2356303575272526e-10,3.1367822225663832e-09,1.0636325112240926e-08,2.0829907037206257e-10,7.02198307904464e-10
KLAUS,5.952925063014993e-10,5.072518620954487e-10,1.56472166153763e-09,1.983127039927844e-09,0.0,0.0,1.1209222649423796e-08,4.295817581737963e-08,6.30115499216353e-10,2.882456712725334e-09
CLLI,1.1088486558441292e-10,5.682206187284391e-11,3.426454517678957e-10,4.803145233889918e-10,0.0,0.0,4.858915700760925e-09,1.1688437261710252e-08,0.0,0.0
LATF,3.031575444732533e-10,2.2998914152024327e-10,6.870787630857493e-10,9.023045200072676e-10,0.0,0.0,7.947983694090699e-09,1.95119381157488e-08,0.0,0.0
OGDI,1.9931886901603679e-10,2.0327362717710246e-10,1.9150944351305848e-10,2.6234689590413757e-10,2.6292437305985015e-10,3.4270312044260435e-10,3.082449494429198e-09,8.689368392994267e-09,2.2650221373403227e-10,4.62650288359449e-10
ENAUX,9.08139489094554e-11,5.4224803480593126e-11,1.4695028528262272e-10,2.0343541219664483e-10,0.0,0.0,2.7576089434646727e-09,7.625747430360642e-09,0.0,0.0
PYLO,5.51224390787349e-10,4.977662774929314e-10,0.0,0.0,0.0,0.0,1.0606729330755677e-08,2.8502780392382103e-08,0.0,0.0
ZELS,2.1439724174949567e-09,1.8368312774454318e-09,0.0,0.0,1.9908712207739902e-09,2.308587637292058e-09,3.4011575435654774e-08,1.27338588656073e-07,0.0,0.0
RCHB,3.0056392404085405e-10,1.9678899915510944e-10,4.2150472851026247e-10,5.537525260007112e-10,0.0,0.0,4.317423395913247e-09,1.6066760166579426e-08,0.0,0.0
SQTA,8.363214920986935e-10,6.790072472484944e-10,5.475558112521775e-10,6.770628264477153e-10,4.0526325574004637e-10,4.3177439624825777e-10,6.170293455939312e-09,3.2260508214217156e-08,0.0,0.0
BNALP,1.6065609541089098e-10,1.1003238739121168e-10,0.0,0.0,2.784779702930207e-10,3.029169294177405e-10,5.7514220101454035e-09,1.810122333188225e-08,2.993022769771653e-10,9.876178067933164e-10
CARF,2.9558680964368437e-10,1.7640029451649435e-10,7.689195271478906e-10,1.0468081854601431e-09,0.0,0.0,0.0,0.0,0.0,0.0
GIZF,8.402647594971255e-10,4.2821081112309486e-10,1.299517035017318e-09,1.7148876947093515e-09,0.0,0.0,0.0,0.0,0.0,0.0
SROF,2.4981022242537585e-10,1.1600964937028044e-10,6.680341144858062e-10,8.83011444248337e-10,0.0,0.0,3.992746914254399e-09,1.4218788150374934e-08,0.0,0.0
MG54,9.218018992641919e-10,9.77801245274609e-10,0.0,0.0,0.0,0.0,0.0,0.0,0.0,0.0
SALF,2.0978499427705158e-10,9.874965631446636e-11,6.78695295725149e-10,9.213257712530201e-10,0.0,0.0,7.59087541267637e-09,2.2588834941470905e-08,0.0,0.0
CGAR,3.083173552477776e-10,2.2450529357635536e-10,0.0,0.0,0.0,0.0,3.087688407347429e-09,9.030075374328218e-09,0.0,0.0
BESN,3.617857759242894e-10,2.0626602705349234e-10,8.46024310288149e-10,1.175780746636237e-09,0.0,0.0,4.873888599886406e-09,1.765943094468537e-08,0.0,0.0
HGN,3.353581891217361e-10,2.2673656232838856e-10,5.41341853368985e-10,7.436884876604535e-10,0.0,0.0,6.1444084170396325e-09,2.4910810048094907e-08,0.0,0.0
DAGMA,1.097245602083647e-09,8.54023734997346e-10,0.0,0.0,5.682863917626437e-10,6.700494125984252e-10,1.2226847476625408e-08,3.1623024964069275e-08,0.0,0.0
EJON,1.3342369218420578e-10,1.10070440097927e-10,2.7674445968010375e-10,3.5887004547892736e-10,0.0,0.0,2.757701813330109e-09,6.521125421829384e-09,2.9148239637307223e-10,5.07269856457573e-10
MSSA,2.7697013197710475e-10,2.2996109572373759e-10,4.531255488150293e-10,6.002258698056436e-10,7.7582176549869e-10,1.020522028749344e-09,0.0,0.0,3.6365694065346486e-10,7.460538161680537e-10
BEGF,2.7497121423626576e-10,1.0974316945245195e-10,8.089940620320376e-10,1.0650805727811651e-09,0.0,0.0,0.0,0.0,0.0,0.0
ETNF,2.7277851385155646e-10,1.5818177260944122e-10,0.0,0.0,0.0,0.0,7.796745830590165e-09,2.801032531917884e-08,0.0,0.0
BDI,2.367668410416795e-10,1.8375863418425928e-10,4.1321885696351436e-10,4.999291079933262e-10,0.0,0.0,2.007085083634448e-09,1.0035006802403572e-08,1.862228910597669e-10,3.4700935284728427e-10
BETHI,2.4628079864795457e-10,1.4425858422144466e-10,4.773031553697537e-10,6.392166838776723e-10,0.0,0.0,7.0717355883819824e-09,1.99965662740858e-08,0.0,0.0
GUEF,1.983495115743121e-10,1.0818827767635846e-10,0.0,0.0,0.0,0.0,3.9498374556097885e-09,1.2660766141303844e-08,0.0,0.0
CFON,1.7591086223187807e-10,7.713958246603901e-11,0.0,0.0,0.0,0.0,2.969839068136414e-09,8.182382406512591e-09,0.0,0.0
CHIF,3.5139000848553064e-10,2.3175100406790764e-10,1.011940314690685e-09,1.2355690559009715e-09,0.0,0.0,0.0,0.0,0.0,0.0
GSCL,1.6386801282397848e-10,1.35896422389146e-10,1.8257770827623278e-10,2.433907651135421e-10,0.0,0.0,1.9630984856150077e-09,1.0451129587707913e-08,0.0,0.0
OSSF,1.1441659786658084e-10,7.881775543523202e-11,0.0,0.0,0.0,0.0,2.803355315144446e-09,8.637384265930892e-09,0.0,0.0
GRYON,2.048629475817492e-10,1.2202939491334798e-10,0.0,0.0,0.0,0.0,5.8651042917063655e-09,1.9115510529387757e-08,0.0,0.0
MG57,7.74503977332156e-10,6.916679609006119e-10,0.0,0.0,0.0,0.0,0.0,0.0,0.0,0.0
VDL,3.2367350083768235e-10,2.7235182167443156e-10,2.3227353237385856e-10,3.082068188592385e-10,2.973536576855277e-10,3.2090451908991203e-10,4.318549630419917e-09,1.480857231698032e-08,2.3354230262965603e-10,8.009710357718323e-10
CBEU,1.6264301326009443e-10,9.251044927102738e-11,3.896489453928955e-10,5.24354428225456e-10,0.0,0.0,4.047322615758122e-09,1.0626698833878614e-08,0.0,0.0
CTRE,1.0144994753978639e-10,5.1311913462433455e-11,0.0,0.0,0.0,0.0,3.2476204680635787e-09,9.159436267136053e-09,0.0,0.0
LABF,3.3638751746672347e-10,1.424185574438544e-10,0.0,0.0,0.0,0.0,8.81088053237645e-09,2.692530133465883e-08,0.0,0.0
AVP,8.013364865367565e-10,5.6239427070477e-10,1.3112393085499352e-09,1.7353899629851763e-09,9.46375123133733e-10,1.032918152837224e-09,1.5491659712756432e-08,4.3282985579881545e-08,7.768326679511572e-10,1.756783683226596e-09
RIVEL,3.3292561299619644e-10,1.8493182765161326e-10,0.0,0.0,2.7744098060889023e-10,3.1666677799957063e-10,7.502251963896998e-09,2.49433131359599e-08,0.0,0.0
ZCCA,4.111929388071236e-10,3.2606826421700486e-10,1.3842657588824632e-09,1.6469459895596263e-09,0.0,0.0,5.533521424268121e-09,2.921031097600225e-08,3.4114986817806335e-10,6.901842801045485e-10
ROVR,8.341541699274888e-10,6.120587963717763e-10,9.247626998532626e-10,1.151707494565827e-09,0.0,0.0,4.887279674151242e-09,2.222691907515625e-08,0.0,0.0
PYHE,5.240860340842477e-10,4.4109942191183976e-10,0.0,0.0,0.0,0.0,4.004602965759837e-09,1.236356137430656e-08,0.0,0.0
OGSM,2.3886092382747296e-10,1.5273913334186014e-10,3.2642661037422667e-10,4.2767879488637514e-10,1.898359282815219e-10,2.2293074176420583e-10,6.107819975229069e-09,1.7764797540868596e-08,2.70227556758832e-10,7.710255420343223e-10
FILF,1.916010337543205e-10,1.0937620625496468e-10,5.928806630955856e-10,7.481655604394613e-10,0.0,0.0,8.628367491098375e-09,1.9487907124103498e-08,0.0,0.0
ATE,1.6442739704551107e-10,9.282362010616463e-11,0.0,0.0,0.0,0.0,5.9677907787195714e-09,1.6009851776910052e-08,0.0,0.0
TG23,7.395793693472472e-10,5.881715760526644e-10,0.0,0.0,0.0,0.0,0.0,0.0,0.0,0.0
MAME,1.567142131774478e-09,1.348755164889558e-09,2.705933651760882e-09,3.435986506015834e-09,0.0,0.0,7.151402016062655e-09,2.6947371957071982e-08,0.0,0.0
JAUN,2.1793635510079464e-10,1.1525520478431716e-10,0.0,0.0,3.043868139581406e-10,3.2714710973954176e-10,6.749050297602013e-09,1.9987535785331753e-08,0.0,0.0
VALM,9.82825865162087e-10,6.7080967906067e-10,4.1535336108546906e-09,5.1892596807161214e-09,0.0,0.0,7.394869007536686e-09,2.462067845344948e-08,0.0,0.0
VDR,1.5826845689629822e-10,1.3772871713867368e-10,2.494825548661778e-10,3.0825957114777077e-10,0.0,0.0,3.3783171396252707e-09,1.180969104417448e-08,0.0,0.0
PIAF,9.840278102156058e-11,7.135307696572479e-11,1.4317490952417946e-10,1.8530254699520584e-10,2.761439694187665e-10,3.273815338562722e-10,2.3446053402008723e-09,7.89489170941795e-09,0.0,0.0
PERON,2.3644220631803456e-10,1.5803706526564568e-10,0.0,0.0,0.0,0.0,5.738841167551049e-09,2.023862255590664e-08,0.0,0.0
GENF,1.3156717768940684e-10,7.215688678430175e-11,3.1631039793821783e-10,4.12226657346509e-10,0.0,0.0,4.8400327701482606e-09,1.1311567192117485e-08,0.0,0.0
RORO,2.329446066805872e-10,2.1997265622188608e-10,5.522430001933282e-10,7.75744432912851e-10,4.801098623907025e-10,6.700635510475746e-10,3.3208951576928782e-09,1.0887366921046497e-08,3.398186263064219e-10,5.634332010845938e-10
CAVN,2.2299735405485357e-10,1.4325549062514656e-10,0.0,0.0,0.0,0.0,4.768622342204227e-09,1.3813761503227836e-08,0.0,0.0
CRAS,6.657368319425484e-10,4.3626611817394086e-10,6.32696249322713e-10,8.575668185577391e-10,0.0,0.0,5.557733855040997e-09,1.9008097661665923e-08,0.0,0.0
MLS,3.3808468337830597e-10,1.5009349849548598e-10,1.0222441016887383e-09,1.3861858574649939e-09,0.0,0.0,1.3767510502344624e-08,3.693545146164784e-08,0.0,0.0
LKBD2,3.027363948779823e-10,1.9784676721424792e-10,0.0,0.0,3.3126148391575456e-10,3.5475657735880924e-10,6.227716029248266e-09,2.1942723481769425e-08,0.0,0.0
CCAS,1.0313055798121276e-10,7.262762682533287e-11,2.264152509519692e-10,2.9687196409823013e-10,0.0,0.0,2.075513272126344e-09,4.6488270796162955e-09,0.0,0.0
BOUC,2.350144744343702e-10,1.6457618941060352e-10,0.0,0.0,2.9440715689922557e-10,3.059673311753145e-10,6.867257405382751e-09,2.2825782269614838e-08,0.0,0.0
OGSA,1.5590220437809987e-10,5.5705897803409e-11,1.880876464351181e-10,2.3700423822874955e-10,1.7415473486797268e-10,2.02688771224204e-10,3.269529944931612e-09,9.269792257760266e-09,0.0,0.0
TRBF,3.3156721904564336e-10,1.824928051009326e-10,0.0,0.0,0.0,0.0,0.0,0.0,5.232175393474497e-10,1.4423212648802993e-09
WALT,1.1614291404680487e-09,8.705058854442047e-10,0.0,0.0,1.3836321671221303e-09,1.3906393938867522e-09,3.974212741998231e-08,1.2893434810930576e-07,0.0,0.0
OGCN,5.772666824628666e-10,4.3757140567153445e-10,9.60535698480026e-10,1.19076951887892e-09,5.073583242927377e-10,5.81434113330126e-10,1.1990309019836298e-08,3.7853029084356786e-08,0.0,0.0
TRIGF,1.0401605652529524e-10,7.548365326270371e-11,1.8541730575861006e-10,2.3727827610881286e-10,4.0022317878119997e-10,4.872706775616498e-10,0.0,0.0,0.0,0.0
BEBN,2.029143473888663e-09,1.3654668972840423e-09,2.1541708875707602e-09,2.858078822322113e-09,0.0,0.0,6.216329273778393e-09,2.673255459649346e-08,0.0,0.0
BOUF,2.9662290362997903e-10,2.0991799962504437e-10,5.898123265071645e-10,8.10949933907356e-10,0.0,0.0,0.0,0.0,0.0,0.0
RUFF,5.584706623207316e-10,4.75123485346462e-10,1.1789171066936882e-09,1.601023762987958e-09,0.0,0.0,1.0984661525409652e-08,3.184429441961356e-08,0.0,0.0
MDI,4.9064873438805e-10,3.8892036244713416e-10,5.71465420633587e-10,7.427028069886293e-10,0.0,0.0,4.822770640467634e-09,2.0530758515034492e-08,0.0,0.0
VILS,6.3989895825428e-10,4.929393504391213e-10,0.0,0.0,0.0,0.0,8.830967064558374e-09,3.769751524649608e-08,0.0,0.0
LGIF,1.5798352499563419e-10,7.892225880403568e-11,5.977756456922585e-10,7.767266246536223e-10,0.0,0.0,0.0,0.0,0.0,0.0
MG58,4.878181084271497e-10,3.5830113605729387e-10,0.0,0.0,0.0,0.0,0.0,0.0,0.0,0.0
ROTHE,2.8482840845466267e-10,1.8265101997232184e-10,0.0,0.0,3.878021853403471e-10,4.1673266260983727e-10,8.096606799084127e-09,2.6208394018914823e-08,0.0,0.0
FDGR,1.5450967961190443e-09,1.4066257713812524e-09,3.865052639331406e-09,3.514570562066978e-09,0.0,0.0,1.481649554117478e-08,5.2622080707125695e-08,1.223880390394551e-09,4.746317793124384e-09
CSOR,1.2634474941880635e-10,7.408510234075182e-11,0.0,0.0,0.0,0.0,4.0330794502744405e-09,1.3005945301960871e-08,0.0,0.0
FUSIO,2.30145338429264e-10,1.67834295142529e-10,0.0,0.0,3.289407314783461e-10,3.701334526746724e-10,4.2047267627263044e-09,1.7280241885602947e-08,2.588320922303484e-10,8.888101298181826e-10
BSTF,3.252787442015243e-10,2.425665725396188e-10,5.561236133703745e-10,7.500523640969928e-10,9.674889606556896e-10,1.183388659169717e-09,1.5936133678390948e-10,3.1158106888904126e-10,0.0,0.0
BERNI,1.4227258755795035e-10,9.269033886337123e-11,2.2117866600932863e-10,2.9287958804818924e-10,2.8550218693810393e-10,3.0065025971639633e-10,3.820741294824612e-09,1.3812192007155344e-08,2.4103188402332326e-10,6.869584758011646e-10
OGS2,2.1659475867023508e-10,1.5427510900096963e-10,2.369021300401449e-10,3.037380363424929e-10,0.0,0.0,0.0,0.0,1.7208401970540199e-10,4.4653800382770697e-10
RRL,2.5172758257884184e-10,1.6349504294140668e-10,4.4068244550279854e-10,5.832513579050602e-10,0.0,0.0,7.824361124120928e-09,2.2393563845628823e-08,3.824734729998939e-10,8.733007279973767e-10
FLAF,2.6165437007065037e-10,2.0232244127512003e-10,3.5591481644409937e-10,4.665860230657046e-10,6.14773704267034e-10,8.093925359503033e-10,3.9660835918043804e-09,1.2214678634689097e-08,0.0,0.0
ZVGAR,1.1619869713856123e-10,8.845437584289569e-11,0.0,0.0,0.0,0.0,4.434482282929372e-09,1.1239719942194237e-08,0.0,0.0
SAIRA,3.7460907058618925e-10,2.6546271315432527e-10,0.0,0.0,3.198381794260084e-10,3.3677600216700167e-10,7.565787496617088e-09,2.4221412496046153e-08,0.0,0.0
VIEF,2.9364904256534007e-10,1.5111140763821464e-10,0.0,0.0,0.0,0.0,8.249958716822165e-09,2.5730560631931173e-08,0.0,0.0
VNIG,9.374992111588067e-10,7.288423067662494e-10,0.0,0.0,0.0,0.0,0.0,0.0,0.0,0.0
CERN1,1.0108409376660223e-09,7.774081815862143e-10,0.0,0.0,2.903902665243041e-10,3.5332584627155476e-10,4.047086134410521e-09,1.238120503531423e-08,0.0,0.0
IRAF,2.1695246870540157e-10,1.0491147310112364e-10,0.0,0.0,0.0,0.0,6.845634998341007e-09,1.8661641603083518e-08,0.0,0.0
PZZ,2.9986082419212086e-10,2.0556856307020726e-10,5.90961267223114e-10,7.42300404504015e-10,7.110909906661073e-10,8.33703997336693e-10,7.479692269222331e-09,2.2232554012213144e-08,5.143871384859354e-10,1.1090253659423576e-09
RUSF,2.3076257145814159e-10,1.391752028017865e-10,5.173015181566273e-10,6.63662487255536e-10,6.517926441989444e-10,8.344007808367884e-10,9.3638153176983e-09,2.3652952042312626e-08,5.520034178660111e-10,9.080047273022719e-10
FUORN,2.0412252942515416e-10,1.6974204529243258e-10,3.1259380187621486e-10,4.060177228740364e-10,2.601472846440485e-10,2.633517414327194e-10,3.4802306706101094e-09,1.7906539845738368e-08,2.447826028847359e-10,8.138971726783504e-10
ZUR,1.641240103246691e-09,1.182546934233293e-09,0.0,0.0,8.151719858415541e-10,9.831635418280863e-10,8.807260746594359e-09,2.6200771779614793e-08,6.659513854407289e-10,1.7270241645510954e-09
RETA,6.101787582282391e-10,5.872753278515407e-10,5.298312632466721e-10,6.819881682764496e-10,3.920186019726657e-10,4.1865537456095533e-10,6.941070088748017e-09,2.7858801342915943e-08,0.0,0.0
CHMF,5.983351163994866e-10,3.3726916064076067e-10,0.0,0.0,7.919232236749941e-10,8.583423632620361e-10,1.8142934971818653e-08,5.8649663012854924e-08,9.832627061623074e-10,3.172767681773439e-09
OGVA,1.8429570407315324e-10,1.2241423521843068e-10,0.0,0.0,0.0,0.0,5.268291207228086e-09,1.3810077059611152e-08,0.0,0.0
MFERR,2.881966503016594e-10,2.0782833233764788e-10,0.0,0.0,0.0,0.0,5.086413129739753e-09,1.6005882146761756e-08,0.0,0.0
PCP,2.0243650739426448e-10,1.5772648168968374e-10,2.927795644769497e-10,3.8343181606380975e-10,5.816634289715593e-10,6.741220927456941e-10,3.263837107321564e-09,1.17586976922493e-08,3.1061441115994537e-10,5.314892765064638e-10
MVIF,2.5498043947249423e-10,1.972566019015622e-10,2.486232448851802e-10,3.1003523715899317e-10,3.4086159795843304e-10,4.3053838630303775e-10,2.454859215763635e-09,8.353871113485372e-09,0.0,0.0
TRAV,4.5758357996805486e-10,3.3147733419360886e-10,5.8848653656926e-10,7.59190686588572e-10,0.0,0.0,6.484082169755746e-09,1.8637194253344556e-08,3.3522397138872795e-10,9.136493531079556e-10
CLMF,6.68558493769303e-10,6.299336758245103e-10,1.1864068714133946e-09,1.5617590858126915e-09,0.0,0.0,0.0,0.0,0.0,0.0
SDOF,4.4419507335555125e-10,2.7984266311183955e-10,0.0,0.0,0.0,0.0,0.0,0.0,0.0,0.0
SMPL,1.0899315638729527e-10,7.920454499718118e-11,1.0977085136599552e-10,1.2940355044830334e-10,3.7143668987300017e-10,4.901251810988244e-10,9.065357766641667e-10,3.445057787886224e-09,2.6720700670026675e-10,3.206643986262448e-10
CLAF,1.8333201480148395e-10,1.1856926933630384e-10,3.505642075132713e-10,4.507739081160503e-10,0.0,0.0,4.491647929234163e-09,1.1607621489577674e-08,0.0,0.0
SALEV,2.859955405200848e-10,2.2867970083089984e-10,0.0,0.0,0.0,0.0,6.1420265153691165e-09,1.8831121265818385e-08,0.0,0.0
BRMO,5.63488036326834e-10,3.186155543678085e-10,5.471013653947732e-10,7.36310256164966e-10,4.0972592421444124e-10,4.088268463594616e-10,4.614121689899574e-09,1.8943175094881053e-08,2.7395906373848885e-10,7.482020431798248e-10
LOCF,2.559061091630771e-10,1.3242019862019238e-10,0.0,0.0,0.0,0.0,3.4009464745762052e-09,1.3376181636168453e-08,0.0,0.0
CERN5,5.415185363709651e-10,5.459038251076216e-10,0.0,0.0,2.1166268345360718e-10,2.3768868185609816e-10,3.658455402928352e-09,1.2182559645205216e-08,0.0,0.0
CIRO,1.6628843663047135e-10,1.3132109902561283e-10,0.0,0.0,3.207080961942879e-10,3.6541883271334527e-10,4.894530030764257e-09,1.3775099967881892e-08,0.0,0.0
SLE,2.8102638083793677e-10,1.8432350186221708e-10,0.0,0.0,4.431480080990815e-10,4.6175956371369966e-10,7.0671709456516815e-09,1.896791272545123e-08,5.257779051245069e-10,1.7507819735136131e-09
ACB,3.150696044091148e-09,2.513218016166569e-09,0.0,0.0,8.548964503495901e-10,9.916234726028831e-10,1.0333728169270162e-08,4.307020995124006e-08,0.0,0.0
GORR,3.86504901646381e-10,2.5492388519476725e-10,4.0087559345767055e-10,5.365469009642141e-10,6.953516329571037e-10,8.281251725083464e-10,4.323393551861935e-09,1.9654744356911283e-08,2.9614267736120003e-10,7.09205268318479e-10
KIND,6.454562517611372e-10,4.838635850379645e-10,9.591403487693726e-10,1.2408142796012371e-09,0.0,0.0,8.078605585752938e-09,2.8426723752207144e-08,0.0,0.0
OGCB,1.8670419767012238e-10,1.1841474043016396e-10,3.4757334847090954e-10,4.6132254768751646e-10,2.502033068223013e-10,2.8727234610823935e-10,6.77629990620615e-09,1.6278977184590312e-08,0.0,0.0
ARBS,1.2655944254867542e-10,6.418666256189274e-11,3.926253814625022e-10,5.319810615866943e-10,0.0,0.0,4.793571983411256e-09,1.0390817168578227e-08,0.0,0.0
HARD,4.1015746468920254e-10,3.021204217398491e-10,7.630488912002978e-10,1.06838490248093e-09,0.0,0.0,6.2093699299867125e-09,2.5308504637959778e-08,0.0,0.0
SAOF,2.9528594189756714e-10,2.5343352297992326e-10,3.0363174662896004e-10,3.8917647150077135e-10,6.642803716762801e-10,8.500614918071034e-10,4.178902920884369e-09,1.5253323234546558e-08,3.96178041464662e-10,7.399386749494379e-10
VOEL,9.273457216686775e-10,6.043489353743124e-10,0.0,0.0,0.0,0.0,1.8854566565306093e-08,5.6513045248525676e-08,0.0,0.0
DOU,4.0592456431851613e-10,2.4413135057343136e-10,7.230151190228424e-10,9.91038837337742e-10,0.0,0.0,8.622471510782669e-09,3.48338442459065e-08,7.877332761210351e-10,2.9321681267250037e-09
SULZ,8.704827748203446e-10,6.415459192116605e-10,0.0,0.0,8.805504982342555e-10,9.704055466673352e-10,1.7406764556685183e-08,6.175100193378857e-08,9.699285301755052e-10,3.0226810095967535e-09
BURY,2.6141173514350566e-10,2.0577912957126302e-10,3.5650115900218403e-10,4.5280297849288604e-10,6.139874388119355e-10,7.48625520149722e-10,2.221828598403172e-09,6.923562648301786e-09,0.0,0.0
BARI,1.853797724119351e-09,1.319801810406852e-09,2.044482514872854e-09,2.571420664826342e-09,0.0,0.0,1.5246760746764982e-08,5.683975948686708e-08,0.0,0.0
MEM,3.550306120595767e-10,2.5883552302557605e-10,5.151739924953266e-10,6.885660116253077e-10,0.0,0.0,6.0966016203306845e-09,2.101831446760605e-08,0.0,0.0
NALPS,1.8411687330493967e-10,1.1464826486289811e-10,0.0,0.0,3.11691827347573e-10,3.1449196370793125e-10,4.732736974110031e-09,1.6080739146796196e-08,1.2609198429825226e-10,3.832799043826522e-10
MAGA,1.9132817451811468e-10,1.4474132641059132e-10,2.6137758441177354e-10,3.419107861622736e-10,0.0,0.0,2.893576655437896e-09,1.114232702861868e-08,0.0,0.0
ROSI,5.103397403505151e-10,5.321205680242183e-10,8.555096763724893e-10,1.1252679947641996e-09,6.14551278706666e-10,6.801869909446788e-10,1.098989668525232e-08,4.415452763306262e-08,0.0,0.0
WIMIS,3.5218950812412724e-10,2.859783967770652e-10,0.0,0.0,3.1439141559609937e-10,3.5337937574169804e-10,6.008173601444752e-09,1.8906937075472933e-08,3.60820941048512e-10,9.560070327086731e-10
WILW,2.8652929476548965e-10,1.5856048212708304e-10,6.297276703237896e-10,8.107140727931804e-10,0.0,0.0,7.30766519934411e-09,2.6125090021593195e-08,3.934082669569377e-10,1.8208564233572844e-09
OG02,3.0154699880004676e-10,2.6445053301666486e-10,0.0,0.0,1.5345988254573936e-10,1.8096674029798246e-10,3.5685168865532062e-09,1.1070351831005268e-08,1.8013830048626367e-10,4.506276458091211e-10
MONC,1.796060567586471e-09,1.1660078140107431e-09,4.377495406114902e-09,4.837154038265241e-09,1.488446968078531e-09,1.728204881112778e-09,0.0,0.0,7.048314465117962e-10,1.7916585863014018e-09
DUNF,2.29071738485524e-10,1.2676545213182592e-10,5.9103621156095e-10,8.003872663945099e-10,0.0,0.0,1.0468854818165906e-08,2.3059613695182388e-08,0.0,0.0
TERZ,2.8328656140720813e-10,2.0788118124234416e-10,4.885296403162309e-10,6.25434057347618e-10,0.0,0.0,3.7384206357417854e-09,1.6036250670948313e-08,0.0,0.0
MFF,2.0275023737081527e-10,1.1631704419072419e-10,5.825608418246145e-10,7.685494842582086e-10,0.0,0.0,0.0,0.0,1.5756344663209177e-09,3.249598018831827e-09
NEUF,1.454394972982144e-09,1.0252802797566135e-09,1.305060089288407e-09,1.699631423041429e-09,0.0,0.0,9.951146780869261e-09,4.6187501388439376e-08,0.0,0.0
BNI,0.0001787559497351,0.0001185624159335,0.0004275056469389,0.0005690570784307,0.0003658317247269,0.0003829610447582,0.0063680005712091,0.0165926077175015,2.574485650473931e-10,6.670281257633494e-10
MARN,6.859879174086942e-10,5.153556965512219e-10,0.0,0.0,0.0,0.0,0.0,0.0,0.0,0.0
NIMR,1.5586668611977055e-08,1.2977337067454514e-08,4.7500205895336244e-09,5.535486945249597e-09,0.0,0.0,4.7008947730588025e-09,1.2738745518483112e-08,0.0,0.0
EMMET,3.914605789405561e-10,2.909990058671645e-10,0.0,0.0,3.1535169443422527e-10,3.418921367789784e-10,0.0,0.0,2.8680448191170537e-10,9.26016902425732e-10
MOSI,2.0214661728543767e-09,1.750086185589214e-09,2.255700164073818e-09,2.983691760931146e-09,9.005598081493161e-10,1.056552445150908e-09,1.08453184810274e-08,4.8110524700012407e-08,0.0,0.0
ARBF,5.430824360625611e-10,4.923134348338332e-10,9.11684273519254e-10,1.0442674039659701e-09,1.4617178066653415e-09,1.877073093368071e-09,8.548601311536681e-09,2.364003641311448e-08,0.0,0.0
URDF,2.232344577025444e-09,1.920688135748172e-09,0.0,0.0,0.0,0.0,1.7654444717733953e-08,6.362336108804502e-08,0.0,0.0
LOUF,1.9241753919623438e-10,9.487995684440452e-11,5.0367596194193e-10,6.795783372210156e-10,0.0,0.0,3.4846538599320763e-09,1.1443691409187474e-08,0.0,0.0
SALO,1.0954511203700794e-09,9.095654659953419e-10,0.0,0.0,0.0,0.0,0.0,0.0,0.0,0.0
MONQ,5.283022317738348e-10,2.853504670153864e-10,1.4483369997044451e-09,1.955230421461425e-09,0.0,0.0,1.4821199561103362e-08,5.745864083303068e-08,0.0,0.0
CLEV,1.131373956511572e-09,8.892550065229489e-10,2.9794278252793514e-09,3.705673567721324e-09,0.0,0.0,1.5047981273204926e-08,5.22647007384324e-08,0.0,0.0
SALSA,2.7075820453125564e-10,2.1532292492252966e-10,1.90381649812992e-10,2.5322533786397247e-10,3.2826151478744425e-10,4.020094193213601e-10,2.4084496788133558e-09,7.806798329846055e-09,0.0,0.0
SIMPL,2.1126768264424846e-10,1.2378702402871072e-10,0.0,0.0,2.868873756259851e-10,3.110610408941276e-10,4.2382645358543236e-09,1.4714658834107056e-08,2.6629425611692156e-10,6.969784985431714e-10
GRIMS,3.7919367376166957e-10,2.1434361810843967e-10,0.0,0.0,2.0674915527103748e-10,2.4840784842017536e-10,2.600381737895988e-09,7.501531848513871e-09,2.0365437532356756e-10,4.590163912509421e-10
OGS3,9.062138319461243e-10,7.286082873030935e-10,1.5897342902076335e-10,2.0574473305407263e-10,1.167104653201941e-10,1.4035342475956071e-10,2.310932401171485e-09,6.253657939184078e-09,0.0,0.0
HASLI,2.990406410568716e-10,2.301197356165926e-10,0.0,0.0,3.518624905845325e-10,4.049547534632215e-10,5.873938834123495e-09,2.0596574129131343e-08,3.603294574013186e-10,1.0040292343213727e-09
LIENZ,3.0921016475173205e-10,2.1476065268528502e-10,0.0,0.0,4.1148661081195686e-10,4.3468233054283255e-10,7.424761442864459e-09,2.7820434735894862e-08,4.540640207859532e-10,1.7329823944715002e-09
FOURG,3.927482958861288e-10,1.906589792377808e-10,0.0,0.0,0.0,0.0,5.948684131572532e-09,1.9787676280226124e-08,0.0,0.0
SAVIG,4.488100040549335e-10,2.8610479512439554e-10,0.0,0.0,4.16398500514253e-10,4.680069376745906e-10,0.0,0.0,0.0,0.0
METMA,2.2659536901760326e-10,1.3469166051898408e-10,0.0,0.0,3.2631118498691647e-10,3.530829396548062e-10,7.2315443308814954e-09,1.8835907681272905e-08,0.0,0.0
SAUF,5.463237854981644e-10,4.0542755762583856e-10,7.82693478517941e-10,1.0288446944311426e-09,1.5064974001496534e-09,1.776527246227109e-09,9.14438792181992e-09,2.0379523790031903e-08,0.0,0.0
SJAF,2.4867157753592955e-10,1.6417908783028344e-10,5.011055946021084e-10,6.648188121862561e-10,0.0,0.0,5.0982585593363835e-09,1.3229105544575428e-08,5.762472970377119e-10,8.640004090096761e-10
FIESA,1.7244344169328855e-10,1.1916899033798043e-10,0.0,0.0,4.1107391277202844e-10,4.3865434984733614e-10,6.624132556798784e-09,2.292537923512309e-08,3.754897940820216e-10,1.0943671846670894e-09
OGS1,7.193780539083837e-10,4.4985595393633926e-10,2.598642145487904e-10,3.3810047358159856e-10,1.4680700809900648e-10,1.6842722994038538e-10,2.9263787775257253e-09,8.142877786719516e-09,1.5337605693941989e-10,3.4121126608794936e-10
PLOF,3.6903780764350276e-10,2.3182223358424875e-10,0.0,0.0,0.0,0.0,4.453717822550379e-09,1.5029946884268253e-08,0.0,0.0
ROMAN,8.450639532257236e-10,6.0822506066289e-10,0.0,0.0,5.891708844760061e-10,7.066649952611571e-10,6.620746196771277e-09,2.6909214712291596e-08,0.0,0.0
LLS,1.3374101901858248e-10,9.001383907851329e-11,0.0,0.0,0.0,0.0,2.874797371453287e-09,1.1099176913222987e-08,2.518578905334426e-10,6.59985318311009e-10
VINZL,1.3032969391199794e-09,8.90044194002331e-10,0.0,0.0,0.0,0.0,1.0702726674124658e-08,3.681418498224148e-08,0.0,0.0
KLB,2.5688768027752187e-10,1.4225949540561792e-10,5.457566703452602e-10,7.130297849891215e-10,0.0,0.0,7.0130994364545435e-09,2.6405342110758197e-08,0.0,0.0
CORI,1.5861904750331282e-10,9.64336865347606e-11,0.0,0.0,0.0,0.0,3.550456657260365e-09,1.1375006061351011e-08,0.0,0.0
MANO,4.69067400987639e-10,3.078934694707541e-10,0.0,0.0,0.0,0.0,1.123966910922737e-08,3.8085987626450004e-08,0.0,0.0
RIAF,2.4051525786316727e-10,9.719303469765992e-11,6.36496695287368e-10,8.070705845146912e-10,0.0,0.0,0.0,0.0,0.0,0.0
LILIE,5.365410863552492e-10,3.799035062054421e-10,9.213480228331836e-10,1.2007253185037123e-09,0.0,0.0,8.638250925270581e-09,3.77713678416928e-08,7.30952152370214e-10,3.210261449777853e-09
RUMEL,1.303986669119862e-09,1.0664810919769295e-09,1.293506338309213e-09,1.64937998626221e-09,0.0,0.0,1.3480072173983092e-08,5.221088263601852e-08,0.0,0.0
GRAM,3.0644201249920994e-10,3.9846860518857646e-10,3.9550820062567167e-10,4.94170020220555e-10,0.0003138837881477,0.0003669489241633,2.1421229433280867e-09,1.1060840551112141e-08,0.0,0.0
WMG,7.022177924173533e-10,4.67639398801755e-10,1.2278386442492007e-09,1.6429633821741523e-09,0.0,0.0,1.5046177331969872e-08,5.0108887854914446e-08,8.394981080986828e-10,4.462504361826274e-09
HOHE,1.0631383085058538e-09,8.075773903896359e-10,0.0,0.0,8.62441488143819e-10,9.813090090554771e-10,1.3521157613906611e-08,4.8925004757421855e-08,0.0,0.0
ROSF,3.2254942723546787e-10,1.6577444981515924e-10,0.0,0.0,0.0,0.0,3.131796543702698e-09,1.2876099087121469e-08,0.0,0.0
TRULL,1.9960117649597435e-09,1.573982874685843e-09,0.0,0.0,0.0,0.0,1.2937345472692266e-08,4.7348926410045234e-08,0.0,0.0
BALST,4.394153483767218e-10,3.352302103911062e-10,0.0,0.0,5.193785795923145e-10,5.60150254968153e-10,1.1910755531449953e-08,3.789649391376201e-08,6.851422473246494e-10,2.2704053364687194e-09
WGT,2.6273153827490187e-10,1.7205374913011515e-10,0.0,0.0,0.0,0.0,5.340111326430542e-09,1.9790092991982284e-08,0.0,0.0
SOMF,2.169319933347584e-10,1.103412448708104e-10,4.412832301055393e-10,6.021218463345312e-10,0.0,0.0,3.6948376221510255e-09,1.3613392875388556e-08,0.0,0.0
VMV,3.118071974829449e-10,2.3319649763179023e-10,0.0,0.0,0.0,0.0,3.509231735251314e-09,1.0913869818914533e-08,0.0,0.0
VIA,3.826854917749721e-10,3.795001182855875e-10,8.524422704999125e-10,1.1058449944214343e-09,0.0,0.0,6.066845106079897e-09,2.2154537800226946e-08,0.0,0.0
CBRU,1.4244249201892358e-10,7.572040074221926e-11,3.5730712276835206e-10,4.852686520099371e-10,0.0,0.0,6.2857547174372655e-09,1.38503140934095e-08,0.0,0.0
CI19,1.7973111697539608e-10,1.2314567374406342e-10,0.0,0.0,1.8259310738433422e-10,1.9528692048023936e-10,2.1459820511205943e-09,6.6965668648325755e-09,0.0,0.0
AVR,1.855860347967373e-10,1.286587614728007e-10,3.1461227378164533e-10,4.1304198448547086e-10,2.1495108656659712e-10,2.547341283135528e-10,4.090911147379184e-09,1.2236908517589453e-08,2.325627202217442e-10,5.163574186116558e-10
CPAL,1.4816997551471834e-10,1.11337621677939e-10,2.786672436007567e-10,3.845155563741983e-10,0.0,0.0,2.1990678690974555e-09,5.406667392191944e-09,0.0,0.0
MTLF,1.5421240103441228e-10,9.673026815862398e-11,4.314711938852344e-10,5.610380461160195e-10,0.0,0.0,4.793674223252694e-09,1.5403295981368495e-08,0.0,0.0
MABI,1.895166637631912e-10,1.4594854360665932e-10,3.3223276314589747e-10,4.685460712854714e-10,1.6504024938127055e-09,1.5142073410299871e-09,3.965570220378974e-09,1.6677495702875553e-08,2.1902558895770346e-10,6.312239903780947e-10
OGDF,1.8743825223555447e-10,1.1332020927982455e-10,4.200673929597212e-10,5.722076930632662e-10,0.0,0.0,8.831871787995185e-09,1.9638639975378773e-08,0.0,0.0
ARTF,3.6884490513573e-10,2.7994503535554235e-10,6.400978497038526e-10,8.049355672245346e-10,1.3945377434078802e-09,1.7110003975737123e-09,9.334269286489417e-09,2.6526831883798325e-08,0.0,0.0
OGCY,1.1521397524066212e-10,6.458470187891689e-11,2.294651020451016e-10,2.950457421281633e-10,0.0,0.0,4.63857820730393e-09,1.0970360941718478e-08,0.0,0.0
BHB,2.8814423116254587e-10,2.2804709024354107e-10,2.4314394165189966e-10,3.126380048655259e-10,2.2861377213867862e-10,2.8842738594083527e-10,2.224141547157686e-09,6.637940208175847e-09,1.265902828060785e-10,2.6534025762110503e-10
SPIF,4.868721943191091e-10,3.8531390602060047e-10,4.1162250289589774e-10,4.998675824336415e-10,6.751857686525981e-10,8.211257328633432e-10,4.270715569197395e-09,1.3669572661866776e-08,0.0,0.0
SENIN,1.9735127569839558e-10,1.0944851856363228e-10,0.0,0.0,2.5337759364332877e-10,2.78657890674926e-10,6.030671189103967e-09,1.7564329310904585e-08,3.0088151004357826e-10,8.783027198253962e-10
LUSI,2.13019672500952e-10,1.7179477170082746e-10,2.8015546677991117e-10,3.5174073759764954e-10,2.4912441692463617e-10,2.7465507433035205e-10,2.19812494452275e-09,9.606243735743512e-09,0.0,0.0
HAR1,6.376151008937354e-10,4.6533441516625375e-10,1.2266942468002823e-09,1.651109992948206e-09,9.902380255370632e-10,1.0485002460599422e-09,0.0,0.0,0.0,0.0
UCC,6.59962516923049e-10,4.87992267147711e-10,6.28630783126089e-10,7.99730017661327e-10,0.0,0.0,3.303757612865246e-09,1.4195729081522122e-08,5.07044531196904e-10,2.2599153994535343e-09
MELF,1.1690871985557114e-10,6.3649693263636e-11,3.52556048210066e-10,4.900792030005779e-10,0.0,0.0,0.0,0.0,0.0,0.0
FULLY,4.0206212576391826e-10,3.2454828399061967e-10,0.0,0.0,3.2504955944190407e-10,3.7389427368510414e-10,0.0,0.0,0.0,0.0
BOB,6.997675990743885e-10,4.2794858098669085e-10,4.1984780910432766e-10,5.539307460588489e-10,0.0,0.0,0.0,0.0,3.618911345420975e-10,8.317443121166385e-10
CIEL,1.057750104272714e-09,7.386861495928254e-10,0.0,0.0,1.178817851773463e-09,1.2427694786640748e-09,2.2092617222933472e-08,7.139214745636416e-08,0.0,0.0
CI18,1.4138101582592682e-10,9.804684630924866e-11,0.0,0.0,1.6640311692984828e-10,1.8646510149422034e-10,2.191878102019852e-09,6.988672588072798e-09,0.0,0.0
CERNS,4.997755152720024e-10,3.3846735297825687e-10,0.0,0.0,2.1102896887577266e-10,2.700968888431177e-10,3.316206238003483e-09,1.14108031989907e-08,0.0,0.0
PLEF,2.83658545055433e-10,1.3518926721824778e-10,7.75479617261536e-10,1.0071692831269512e-09,0.0,0.0,3.599018044227625e-09,1.2563990361524691e-08,0.0,0.0
ENR,3.1419177010618477e-10,2.1705528769131568e-10,3.663964909467797e-10,4.720690892400677e-10,0.0,0.0,4.331364517126344e-09,1.3543027141525454e-08,3.542721855048168e-10,5.50339230107603e-10
PLONS,2.9935102545299897e-10,2.1967505364978976e-10,0.0,0.0,2.9593017807294303e-10,3.3558236091107447e-10,4.857415678286127e-09,1.6292849026816498e-08,0.0,0.0
OGCC,1.3037430515726046e-10,6.418987095636857e-11,2.9816995791080817e-10,3.8685995997241345e-10,2.9055884733065634e-10,3.386395329831767e-10,6.8675336383468715e-09,1.6635927814485816e-08,0.0,0.0
CALF,2.2681355259991336e-10,1.487515908912706e-10,3.2355958295620496e-10,4.2881603168710767e-10,6.682322039846891e-10,8.030744467139227e-10,3.927537073249306e-09,1.6224043738850863e-08,6.147593329082822e-10,9.09897513759069e-10
ESCA,6.58522806962289e-10,4.62180018306071e-10,0.0,0.0,1.2531022825777152e-09,1.4813380105265755e-09,6.651929130145593e-09,1.7443680261722442e-08,5.826404463996246e-10,1.0129720104823777e-09
EILF,6.878113414015211e-10,5.977390621229395e-10,9.346375046819387e-10,1.1666335343024579e-09,4.470359468608614e-09,5.5731524732634955e-09,4.862512727563064e-09,1.5432184943777257e-08,1.1477798136233341e-09,1.5104817129644924e-09
MTNF,2.0184135716910911e-10,8.552358168938486e-11,5.192356843238395e-10,6.730230865803243e-10,0.0,0.0,3.403330204852522e-09,1.3062859925368308e-08,0.0,0.0
AIGLE,5.152411617714637e-10,3.6468036149662205e-10,0.0,0.0,3.630211895113033e-10,3.797467561299108e-10,6.647763269527731e-09,2.4247529520825798e-08,3.898949557992799e-10,9.91126782287755e-10
BORF,1.8589238340010907e-10,1.1125651317714991e-10,0.0,0.0,0.0,0.0,4.6507822415869915e-09,1.2911586842460909e-08,0.0,0.0
HAR2,6.8454179839606e-10,4.965523799199934e-10,1.315004617762031e-09,1.7119143348930515e-09,9.286446509704523e-10,9.78444672239583e-10,1.8052463477421442e-08,5.065563114317089e-08,0.0,0.0
BIMF,2.7661934216584994e-10,1.5933667941906776e-10,0.0,0.0,0.0,0.0,3.934106075771267e-09,1.3373100042161673e-08,0.0,0.0
DIX,1.4301130179161968e-10,2.3827208471340025e-10,0.0,0.0,1.980204890749497e-10,2.3229571720356702e-10,4.333977955616094e-09,1.1000080696018381e-08,2.2789116029643612e-10,5.6057211541317e-10
VALC,1.1568418348924952e-10,6.07689966237114e-11,3.2493484848509515e-10,4.1723697737976007e-10,0.0,0.0,3.803971087529751e-09,9.411132423285209e-09,0.0,0.0
VANNI,4.134179755629023e-10,2.986610800395809e-10,0.0,0.0,3.0395763368862023e-10,3.2588094507077046e-10,5.318231458641174e-09,1.597557575776021e-08,3.272411224702961e-10,8.343196504260061e-10
OGMY,1.8102206560599702e-10,1.2193806142814843e-10,0.0,0.0,1.5553799803646668e-10,1.7385683399534615e-10,4.502094389857413e-09,1.4131713231268704e-08,0.0,0.0
PAND,4.4980526771627447e-10,2.7090671453552247e-10,1.1000676617516578e-09,1.4666280652430167e-09,0.0,0.0,1.159027367734222e-08,3.023018696211851e-08,0.0,0.0
REMY,3.4457199796513104e-10,1.7128956235276979e-10,0.0,0.0,5.255762897537597e-10,5.615345060240663e-10,1.2741357394253513e-08,3.210677989549246e-08,6.650948601277243e-10,1.880490379777043e-09
DAUF,1.9919697498149567e-10,9.914440095725279e-11,4.82861756240701e-10,6.439305856722014e-10,0.0,0.0,0.0,0.0,0.0,0.0
OG35,1.7046934616036158e-10,1.041914041407214e-10,0.0,0.0,1.9534486675636439e-10,2.4204415546406515e-10,4.354370769206666e-09,1.637092750515089e-08,2.4310404314790605e-10,6.218154860543792e-10
OGLC,1.0182044970909711e-10,6.45846754409349e-11,2.00668603650169e-10,2.5710814587010194e-10,0.0,0.0,2.84681064595772e-09,8.723318318854289e-09,0.0,0.0
XAFF,3.9559438292303775e-10,2.432448114230361e-10,0.0,0.0,4.1313190749263165e-10,4.515203473004198e-10,7.1478046419559484e-09,2.6514137103697928e-08,0.0,0.0
ORIF,1.6430154263844575e-10,1.0124447413078095e-10,3.1866140946718064e-10,3.9833675303551766e-10,2.579827632535183e-10,2.851201971943213e-10,5.193157673781662e-09,1.2622055834794752e-08,0.0,0.0
POPM,6.020727189012022e-10,4.6332412934775056e-10,5.873543899867816e-10,7.041094899269795e-10,0.0,0.0,2.692826103056872e-09,1.5489551593037804e-08,2.4313228792748805e-10,4.446600798709071e-10
CAMF,3.8833824347473056e-10,2.6595297148159007e-10,0.0,0.0,0.0,0.0,5.579918297846591e-09,1.6578351779267973e-08,0.0,0.0
GRA,2.468184078001933e-10,2.0144781845853688e-10,3.9497468168212285e-10,5.098577477379835e-10,0.0,0.0,0.0,0.0,0.0,0.0
EPF,1.5939606589690587e-10,9.361378719246422e-11,5.12853744547777e-10,6.803150588735195e-10,0.0,0.0,5.954445609844195e-09,1.5813110958422074e-08,0.0,0.0
MOLES,2.3657335271754264e-10,1.6219819338442092e-10,0.0,0.0,0.0,0.0,5.533725572991704e-09,2.6536045627262614e-08,0.0,0.0
WLS,4.864483571479481e-10,3.3178173521368313e-10,0.0,0.0,5.17989427626302e-10,5.874672452444405e-10,1.102330006767398e-08,3.3952058526202454e-08,5.639546952136761e-10,2.2693907210650174e-09
MESRY,4.847868556433209e-10,3.3770143129094707e-10,0.0,0.0,0.0,0.0,8.118791121255304e-09,2.4743193666560753e-08,0.0,0.0
LRVF,3.6145239496994796e-09,2.84812280427507e-09,0.0,0.0,0.0,0.0,0.0,0.0,0.0,0.0
OLIV,2.688439848551798e-10,1.4183129985415908e-10,0.0,0.0,0.0,0.0,4.565515907674266e-09,1.4107526467071792e-08,0.0,0.0
REST,2.6478967714978164e-10,1.8395726257322038e-10,4.1322233494627214e-10,5.327230697346954e-10,0.0,0.0,5.8213056263737624e-09,1.42858927559e-08,0.0,0.0
TERF,3.0478458143355357e-10,2.3811764313256403e-10,0.0,0.0,0.0,0.0,4.771482005988326e-09,1.4563393790071329e-08,0.0,0.0
RNCA,2.6769555679796936e-10,2.2092437064516686e-10,2.8962734586649183e-10,3.7454905778321145e-10,4.4411129729424717e-10,5.769879560177761e-10,1.3341541556581808e-09,6.121793986365683e-09,0.0,0.0
WLF,6.320384263049147e-10,3.8890621651239635e-10,1.5051896905816431e-09,1.9391094609919736e-09,0.0,0.0,1.6878111250977003e-08,5.7329250882280487e-08,1.258588142278108e-09,4.667311241972257e-09
MUTEZ,9.651279684285806e-10,7.296381843398352e-10,0.0,0.0,0.0,0.0,1.2115568618985984e-08,2.878939635992329e-08,0.0,0.0
BRANT,5.157059410345238e-10,3.3328500991139086e-10,0.0,0.0,5.09124707789349e-10,5.667010436195562e-10,1.458254468164454e-08,4.19100147772758e-08,8.148886796584664e-10,2.186686379174635e-09
WATA,7.388481775861361e-10,6.44359222051862e-10,9.251178763609655e-10,1.1466669159905804e-09,3.97184850572741e-10,4.61346497693553e-10,5.435026927975197e-09,3.851947502598765e-08,0.0,0.0
CHASS,3.5231576662004376e-10,2.3032781318918126e-10,0.0,0.0,0.0,0.0,1.0445218190061369e-08,2.9904835547585875e-08,0.0,0.0
DAVOX,1.6798558857512526e-10,1.4745575594262e-10,2.619798048293687e-10,3.2748973782981345e-10,2.230089456371872e-10,2.337817088394136e-10,3.0542823142312564e-09,1.1491235564639969e-08,3.1063924923645583e-10,8.083113583877762e-10
MUGIO,2.3348430989174576e-10,1.6942918060206232e-10,3.0890713532716847e-10,4.0474088111387416e-10,2.4230466428398417e-10,2.5848707038912037e-10,3.4364834165065756e-09,1.1941683063674972e-08,2.023944003672078e-10,5.684597136056738e-10
ILLEZ,4.850789162331203e-10,4.1398224984903054e-10,0.0,0.0,3.509927652583825e-10,4.0782594776395676e-10,0.0,0.0,0.0,0.0
CRNF,1.5487737303692275e-10,8.41818744749867e-11,4.923710236480402e-10,6.016839677841511e-10,0.0,0.0,0.0,0.0,0.0,0.0
BOST,4.987940442336124e-10,4.78517460884395e-10,0.0,0.0,0.0,0.0,0.0,0.0,0.0,0.0
FNEB,3.695365379685793e-10,2.2337711362759743e-10,1.031629999445602e-09,1.3307277870694303e-09,0.0,0.0,1.705358672674839e-08,3.760239145053605e-08,0.0,0.0
COLLE,6.891483214757165e-10,5.964835874057364e-10,0.0,0.0,0.0,0.0,7.047927761072964e-09,2.1205028636362942e-08,0.0,0.0
OPTB,1.0994772608771798e-09,7.795026194194206e-10,1.7112918321357291e-09,2.236221337636032e-09,0.0,0.0,7.645372232002842e-09,2.8614059867639703e-08,0.0,0.0
MMK,1.7372067278622155e-10,1.1545240611157804e-10,0.0,0.0,2.876476359992893e-10,3.216322853346913e-10,4.761912749292526e-09,1.2073812927750316e-08,2.6332235089749944e-10,6.995960300000309e-10
MUO,4.3503954076928143e-10,3.3399313673394764e-10,0.0,0.0,4.396270255924248e-10,4.816087357585331e-10,8.276797942153637e-09,2.4867163136275117e-08,4.1245722752806675e-10,1.118767483565612e-09
PGF,2.5121773354527554e-10,2.0237577965627406e-10,1.6460626977341726e-10,2.1795997867772238e-10,5.216058354594246e-10,6.026544456138487e-10,0.0,0.0,0.0,0.0
VARE,2.1697743496068835e-10,1.711643170159745e-10,2.7813788533524056e-10,3.470514783776901e-10,6.11652731472116e-10,6.337703193757637e-10,2.7483362869906514e-09,9.226377255791184e-09,0.0,0.0
BFO,2.393519864426575e-10,1.3758315103187848e-10,0.0,0.0,5.777440922686655e-10,5.905087408068867e-10,5.918915210976366e-09,2.3331821364276524e-08,6.227103817827492e-10,2.4691819959199244e-09
BLAF,1.723368117096473e-10,1.1752524814910655e-10,2.688839898478255e-10,3.41924678924863e-10,1.4621147842923914e-09,1.742894567675185e-09,5.024877415142436e-09,1.5516274725967325e-08,0.0,0.0
HAUIG,7.416524276251865e-10,5.6095211027906e-10,0.0,0.0,0.0,0.0,1.0312431128187354e-08,3.73238998915294e-08,0.0,0.0
MOTA,3.4857326611621477e-10,2.6442350400495115e-10,5.785212427439155e-10,7.592865467033837e-10,4.3629415827375236e-10,4.985491994211281e-10,7.219494396457524e-09,3.5674438765002114e-08,0.0,0.0
LADOL,3.3071907960269565e-10,1.7224722896095792e-10,0.0,0.0,0.0,0.0,1.0183879766064942e-08,3.359715034600989e-08,0.0,0.0
TORNY,7.70120435318692e-10,6.369510076566581e-10,0.0,0.0,0.0,0.0,7.621219473034269e-09,2.462935738278993e-08,0.0,0.0
LAUCH,2.1979942020902607e-10,1.6241124459483776e-10,0.0,0.0,4.0349212120846445e-10,4.1848054975632366e-10,5.71871193161607e-09,2.0356682417291717e-08,3.461774525292201e-10,9.387757120153547e-10
MIGAL,2.1090401176817757e-10,1.5513705835905226e-10,3.568305103902461e-10,4.6149092869805104e-10,0.0,0.0,3.2178635838196034e-09,9.398280650493491e-09,0.0,0.0
MTI02,4.746756121768971e-10,3.099375586045498e-10,0.0,0.0,4.761487973253636e-10,5.339335276735687e-10,1.1746792138350174e-08,3.43330706419497e-08,0.0,0.0
ARSD,2.3712510229778747e-10,1.3499411110913239e-10,5.588244341359065e-10,6.559253287749476e-10,0.0,0.0,6.611895133597547e-09,2.2042552898681625e-08,4.3858402432466456e-10,1.800785350816163e-09
GBOS,1.0496788149978242e-10,8.235194151735215e-11,1.2008385874571442e-10,1.5714771237212224e-10,1.995886991693561e-10,2.363573982084306e-10,1.4385960302437466e-09,5.441309898835844e-09,0.0,0.0
OGSI,1.508672983899743e-10,1.0054082404065315e-10,0.0,0.0,1.4271300619964788e-10,1.6154557048553715e-10,3.3534583012548772e-09,1.0182447070802356e-08,0.0,0.0
HAR3,7.01227758816546e-10,4.4076906191013164e-10,1.1920075647151764e-09,1.6602623812887452e-09,7.528508150260509e-10,7.991734790647658e-10,2.0873712645111456e-08,5.4924521467591575e-08,0.0,0.0
CEST,1.2758128025423776e-10,5.721022579468728e-11,3.9048108959250527e-10,4.990904562209154e-10,0.0,0.0,4.758955937927889e-09,1.1616357859608365e-08,0.0,0.0
SAVF,3.478651309614317e-10,2.2487155790751808e-10,0.0,0.0,0.0,0.0,6.023010197712059e-09,2.117868792964205e-08,0.0,0.0
GRN,2.9190465377490824e-10,2.210814986225176e-10,3.7192145327293406e-10,4.725657431004599e-10,2.1971681163541615e-10,2.6033567149921487e-10,4.387693220255469e-09,1.30414963841338e-08,0.0,0.0
WTTA,3.2951553654795155e-10,2.7022626251448993e-10,4.662230551256545e-10,6.14010291174355e-10,5.455101826989535e-10,5.622327503041535e-10,6.6611967949382965e-09,4.4190060317463614e-08,0.0,0.0
TSDF,8.352384870559372e-10,5.22314946270247e-10,1.286885992392789e-09,1.6993760377852739e-09,0.0,0.0,0.0,0.0,0.0,0.0
MLYF,2.76129175110605e-10,1.9981387824327308e-10,4.1482694003591486e-10,5.200483217922061e-10,4.1778622961907235e-09,5.277199021307605e-09,8.911422106302e-09,2.2385569535625808e-08,0.0,0.0
ORDF,1.7197417425135886e-10,9.446928936829164e-11,0.0,0.0,0.0,0.0,6.058330761323273e-09,1.5211996812555612e-08,0.0,0.0
RSL,1.2247526957576132e-10,8.892867277998538e-11,0.0,0.0,1.5099821764496587e-10,1.6808483497170066e-10,2.772032413380464e-09,9.725399300586346e-09,1.6529684972639742e-10,4.336120922748835e-10
KOSI,5.14688545781598e-10,3.5511483053526887e-10,0.0,0.0,5.70518994710254e-10,6.103239566295188e-10,6.965216309356415e-09,2.8079125219390483e-08,0.0,0.0
OGAG,1.4414350749687196e-10,1.1116946221698651e-10,2.761070965955636e-10,3.831891390698579e-10,2.4128200874086803e-10,2.964816811170522e-10,4.651581249594236e-09,1.3937169160522541e-08,2.4136084658379256e-10,6.356591379737061e-10
A060B,1.4971567510906887e-10,1.3099133078140455e-10,0.0,0.0,2.277195001482725e-10,2.5429413620410766e-10,3.984605673616183e-09,1.5499684022949833e-08,0.0,0.0
CORG,9.624909762027632e-11,6.093199569648286e-11,0.0,0.0,0.0,0.0,3.1638337554604403e-09,8.104083773502374e-09,0.0,0.0
WILA,5.865800914271421e-10,4.36451892342888e-10,0.0,0.0,4.2644469628380463e-10,4.981766759579423e-10,8.098192522166651e-09,2.681667394569169e-08,5.200707888861793e-10,1.7974316418898491e-09
SLVF,1.2781508324572366e-10,6.356048052965387e-11,3.4910449104283684e-10,4.71616116046615e-10,0.0,0.0,5.1340113972399e-09,1.4330690578155249e-08,0.0,0.0
GAGG,7.253787761187298e-11,5.2482872527623306e-11,1.0724146555275603e-10,1.366386837468489e-10,1.289348276361204e-10,1.3706796503010175e-10,1.0387997972157575e-09,5.561359566004596e-09,0.0,0.0
LEMB,5.524501457875601e-10,4.1947332812273614e-10,0.0,0.0,7.024634129411488e-10,7.201364251315963e-10,1.0650136630134569e-08,4.254514332479703e-08,0.0,0.0
MRGE,3.168852085915498e-10,2.2411389042403222e-10,0.0,0.0,4.3805425877944435e-10,5.0129000524019e-10,7.637181925655461e-09,2.6339417949406543e-08,4.2630276233879963e-10,1.0907599161619898e-09
EMBD,2.6784420184530457e-10,1.7124825681300892e-10,0.0,0.0,2.465896759587125e-10,2.6451835163502394e-10,4.340637030214793e-09,1.4315406281859027e-08,2.5776240897366007e-10,7.009894326817301e-10
COLF,0.0,0.0,3.2928643747333755e-10,4.372816685557433e-10,0.0,0.0,4.067414026518341e-09,1.3611669180951265e-08,0.0,0.0
CRMI,0.0,0.0,2.984883297843206e-10,3.6823875811744655e-10,0.0,0.0,1.4149834817739351e-09,8.615866837435992e-09,4.9093621376578224e-11,8.569471590935204e-11
AJAC,0.0,0.0,3.1406052501320657e-10,3.849457518357027e-10,3.49191913500317e-10,4.306873635144041e-10,8.026942756394406e-10,2.3620996084307636e-09,0.0,0.0
IT02A,0.0,0.0,4.430759255741915e-10,5.920235477586531e-10,0.0,0.0,2.8258160293624063e-09,1.0107895906963741e-08,0.0,0.0
STU,0.0,0.0,3.592064180562428e-09,4.742044429228236e-09,1.8053638909524263e-09,2.2397494607740114e-09,1.1202748800591931e-08,4.9239916326788424e-08,0.0,0.0
FDMO,0.0,0.0,1.1713571516925975e-10,1.5308356797947904e-10,0.0,0.0,0.0,0.0,0.0,0.0
SRNF,0.0,0.0,8.762161840693454e-10,1.1314295467971442e-09,0.0,0.0,9.153057646990328e-09,3.0977478306225817e-08,0.0,0.0
ABTA,0.0,0.0,6.849763425679273e-10,8.805942450150483e-10,4.20897078829856e-10,4.4168999186405064e-10,0.0,0.0,0.0,0.0
ARSA,0.0,0.0,7.469881817366201e-10,1.0004786321934e-09,5.306013331574002e-10,6.39741898920852e-10,0.0,0.0,0.0,0.0
CELB,0.0,0.0,6.936057309590844e-10,8.484752130375811e-10,0.0,0.0,1.0082289528306863e-09,2.745063258826903e-09,3.1022133324419297e-10,3.37762922683522e-10
LFF,0.0,0.0,9.91789264285947e-10,1.3517585008573734e-09,0.0,0.0,0.0,0.0,0.0,0.0
FRNF,0.0,0.0,3.5227682481999115e-10,4.6106659103247236e-10,0.0,0.0,4.747520844224609e-09,1.938806563305056e-08,0.0,0.0
CURIE,0.0,0.0,6.0062196595171405e-09,7.618133410687081e-09,0.0,0.0,8.23465559048492e-09,2.884917503273302e-08,0.0,0.0
EIF01,0.0,0.0,9.309396649170101e-10,1.1729696013412918e-09,0.0,0.0,1.1672796228792148e-08,3.828161927490716e-08,0.0,0.0
PRU,0.0,0.0,2.613045708977762e-10,3.720020977352572e-10,6.652720707267276e-10,6.962019059512627e-10,0.0,0.0,0.0,0.0
PLMA,0.0,0.0,1.191467491171456e-09,1.5261778271399515e-09,1.1756324335100982e-09,1.398908260452779e-09,2.2486562958800487e-09,1.0994507115697044e-08,0.0,0.0
ABJF,0.0,0.0,4.3865409929027887e-10,5.741080690744426e-10,0.0,0.0,0.0,0.0,0.0,0.0
IT07A,0.0,0.0,2.277469398566261e-09,2.9247561830244723e-09,0.0,0.0,5.195960429567245e-09,2.7698038548695737e-08,0.0,0.0
GROS,0.0,0.0,3.6944289366921735e-10,4.896239999241809e-10,2.835484011003039e-10,3.030733676350428e-10,0.0,0.0,0.0,0.0
BOJS,0.0,0.0,2.4584846194873025e-10,3.242463962292861e-10,4.881948076938535e-10,4.675493044328851e-10,0.0,0.0,0.0,0.0
MPRI,0.0,0.0,2.1755291606807447e-10,2.7636881891220183e-10,2.3755009788979004e-10,2.6579739821202915e-10,0.0,0.0,0.0,0.0
MERIC,0.0,0.0,1.4140269306921987e-09,1.802253808570481e-09,0.0,0.0,5.7547553555690355e-09,2.0690734977926693e-08,0.0,0.0
CIMO,0.0,0.0,1.3378015573451128e-10,1.7403275851229787e-10,1.3596206097068724e-10,1.5129427391908928e-10,0.0,0.0,0.0,0.0
CAE,0.0,0.0,3.6634955862399775e-10,4.6131534969092824e-10,0.0,0.0,0.0,0.0,0.0,0.0
ROBS,0.0,0.0,2.748758727513816e-10,3.6077930889237207e-10,4.2296760678786814e-10,4.6357969688498094e-10,0.0,0.0,0.0,0.0
MORSI,0.0,0.0,1.9824148180184123e-10,2.391137690328636e-10,6.288112615914726e-10,8.408549481080631e-10,7.989456423065055e-10,2.196180314004847e-09,0.0,0.0
MURB,0.0,0.0,7.219787891162566e-10,9.162199843380487e-10,0.0,0.0,0.0,0.0,0.0,0.0
MBAL,0.0,0.0,3.9526023301389375e-10,5.129410419727762e-10,0.0,0.0,2.1658581316601022e-09,1.1555116999219834e-08,0.0,0.0
GCIS,0.0,0.0,3.2535055431839776e-10,4.100940535064839e-10,3.223656341442648e-10,3.9085589001623215e-10,0.0,0.0,0.0,0.0
POLC,0.0,0.0,8.307993360789343e-10,1.0429730761667198e-09,0.0,0.0,0.0,0.0,0.0,0.0
VARN,0.0,0.0,2.3288836302669527e-10,2.9949759308107435e-10,0.0,0.0,0.0,0.0,0.0,0.0
VLC,0.0,0.0,4.453420185222447e-10,5.590637972306172e-10,0.0,0.0,3.8017443176601815e-09,2.12573610430326e-08,3.132753355469578e-10,5.176919819111171e-10
GBAS,0.0,0.0,3.1188891367198357e-10,3.9618364836841447e-10,3.3675748783759046e-10,3.8967677925604014e-10,0.0,0.0,0.0,0.0
PRMA,0.0,0.0,2.856270407455857e-09,3.5369541178123637e-09,0.0,0.0,3.458279171330941e-09,1.55536398438482e-08,0.0,0.0
PARC,0.0,0.0,3.2436668927434684e-10,4.15045770957697e-10,0.0,0.0,0.0,0.0,0.0,0.0
EIF03,0.0,0.0,5.173932715758265e-10,6.887151685272122e-10,0.0,0.0,6.412649098799592e-09,1.974856399617425e-08,0.0,0.0
ASSB,0.0,0.0,3.4593735889124527e-10,4.4833165478805324e-10,0.0,0.0,0.0,0.0,0.0,0.0
PRA,0.0,0.0,1.5486069414436962e-09,2.007459833347375e-09,0.0,0.0,0.0,0.0,0.0,0.0
PIEI,0.0,0.0,1.95049731055957e-10,2.4918890453352305e-10,0.0,0.0,0.0,0.0,0.0,0.0
KBA,0.0,0.0,4.4507170292327207e-10,5.64754505811921e-10,3.825798253872245e-10,3.992512838963793e-10,0.0,0.0,0.0,0.0
MLZA,0.0,0.0,8.32068184210418e-10,1.1092440076167895e-09,0.0,0.0,7.076793140806109e-09,2.4047361040870008e-08,0.0,0.0
GOTF,0.0,0.0,1.2530904849192503e-09,1.606735836716153e-09,0.0,0.0,6.223700312799285e-09,2.7954276189946052e-08,0.0,0.0
AOI,0.0,0.0,6.653467374458027e-10,8.102564283510794e-10,0.0,0.0,0.0,0.0,0.0,0.0
BALS,0.0,0.0,7.897958083134332e-10,1.0699032923383796e-09,0.0,0.0,1.3994026620725582e-08,3.7609362416142634e-08,0.0,0.0
WTSB,0.0,0.0,2.540853858061558e-09,3.2152736010614755e-09,0.0,0.0,0.0,0.0,0.0,0.0
MOZS,0.0,0.0,4.2693760659609236e-10,5.563466808563268e-10,4.747780729296885e-10,5.48600845878825e-10,0.0,0.0,0.0,0.0
GORS,0.0,0.0,3.1580608275465147e-10,4.0157516295497186e-10,4.423692737815794e-10,4.785987939202069e-10,0.0,0.0,0.0,0.0
SNTG,0.0,0.0,2.044267359651267e-09,2.602494920562318e-09,0.0,0.0,0.0,0.0,0.0,0.0
GRFO,0.0,0.0,1.3421607396988167e-09,1.708109645104147e-09,1.465334999589401e-09,1.622364155860774e-09,1.0874726782878282e-08,1.1207034926399389e-07,0.0,0.0
OGGL,0.0,0.0,2.0407092311418473e-09,2.3412271115730667e-09,0.0,0.0,7.249598984305949e-09,2.9859016114219794e-08,0.0,0.0
ATFO,0.0,0.0,7.703210244157425e-10,9.92874344265526e-10,0.0,0.0,0.0,0.0,0.0,0.0
PESA,0.0,0.0,2.1393531594090838e-09,2.718881786046269e-09,0.0,0.0,0.0,0.0,0.0,0.0
NARO,0.0,0.0,2.2589931962167926e-10,2.1297499286640107e-10,0.0,0.0,0.0,0.0,0.0,0.0
BRGF,0.0,0.0,3.4822124409618196e-10,4.5474824382429505e-10,0.0,0.0,0.0,0.0,0.0,0.0
LMD,0.0,0.0,1.1735528681606501e-10,1.5251331782366468e-10,0.0,0.0,0.0,0.0,0.0,0.0
PLDF,0.0,0.0,3.31619972955091e-10,4.2978550676469187e-10,0.0,0.0,4.5349774350098975e-09,1.5071118845874664e-08,0.0,0.0
SZC,0.0,0.0,2.2627702062566078e-10,2.9427327842001445e-10,0.0,0.0,3.6556340083860325e-09,9.20660995794164e-09,0.0,0.0
LBL,0.0,0.0,3.447331901101285e-10,4.4065627695475596e-10,0.0,0.0,4.270822597854563e-09,1.4444455440663888e-08,0.0,0.0
RJF,0.0,0.0,5.314549191130604e-10,6.973723937271171e-10,0.0,0.0,0.0,0.0,0.0,0.0
PURA,0.0,0.0,1.731953957946934e-10,2.2275974404677238e-10,0.0,0.0,0.0,0.0,0.0,0.0
STAC,0.0,0.0,2.1192063242815128e-10,2.8378343049324527e-10,0.0,0.0,0.0,0.0,0.0,0.0
KNDS,0.0,0.0,3.3338156902078365e-10,4.2446902407677807e-10,0.0,0.0,0.0,0.0,0.0,0.0
QLNO,0.0,0.0,5.678210272321545e-10,7.200098952843074e-10,0.0,0.0,3.52691302999623e-09,1.2700419878252761e-08,3.988275323977513e-10,6.865824274088317e-10
VISS,0.0,0.0,2.843357281082568e-10,3.7672159058353856e-10,4.355431688477856e-10,4.660698559672955e-10,0.0,0.0,0.0,0.0
VISG,0.0,0.0,8.590767210174862e-11,1.0812045486778376e-10,0.0,0.0,5.13774961915388e-10,2.188964082729255e-09,0.0,0.0
IT06A,0.0,0.0,1.8337762032376007e-09,2.293501334057264e-09,0.0,0.0,6.325728355388548e-09,2.1500159076780852e-08,0.0,0.0
EIF02,0.0,0.0,8.163860466244691e-10,1.0632040551808554e-09,0.0,0.0,9.948817029027448e-09,3.501148063492932e-08,0.0,0.0
LATE,0.0,0.0,5.083161791885921e-10,6.354490528432456e-10,0.0,0.0,0.0,0.0,0.0,0.0
OSSC,0.0,0.0,4.419218347176806e-10,5.40391506649765e-10,0.0,0.0,0.0,0.0,0.0,0.0
IT01A,0.0,0.0,7.291463515263097e-09,9.342959557790484e-09,0.0,0.0,0.0,0.0,0.0,0.0
MOA,0.0,0.0,5.744032969264415e-10,7.669833389525855e-10,4.4533071129031776e-10,5.048543275920725e-10,0.0,0.0,0.0,0.0
CESI,0.0,0.0,2.8109171095037337e-10,3.6312279292070656e-10,0.0,0.0,0.0,0.0,0.0,0.0
ADHE,0.0,0.0,5.194633170744833e-10,6.445537314203086e-10,0.0,0.0,4.578431113411075e-09,1.3400198909258766e-08,0.0,0.0
CMPS,0.0,0.0,5.272137349253388e-10,7.259846895499484e-10,0.0,0.0,6.816731099205719e-09,2.4925567007958244e-08,0.0,0.0
SKDS,0.0,0.0,2.921228787670312e-10,3.741037508858025e-10,0.0,0.0,0.0,0.0,0.0,0.0
EIF05,0.0,0.0,1.4426137629350641e-09,1.9241398574793202e-09,0.0,0.0,9.558293356265037e-09,3.782266740268298e-08,0.0,0.0
VINO,0.0,0.0,1.6993798352476867e-10,2.3750278926634413e-10,2.4075087252963507e-10,2.721509057513822e-10,0.0,0.0,0.0,0.0
PII,0.0,0.0,4.4580486965207696e-10,5.549496044055437e-10,0.0,0.0,1.0844231273769904e-09,5.674102232504783e-09,0.0,0.0
MILN,0.0,0.0,1.3314251969366705e-08,1.6911454977572637e-08,2.356519744583061e-09,2.853472009720837e-09,1.191108098499486e-08,3.57045817503436e-08,0.0,0.0
CLUD,0.0,0.0,3.2326395521885603e-10,4.167454729453178e-10,3.4523982653396724e-10,3.5868789083770766e-10,0.0,0.0,0.0,0.0
ROTM,0.0,0.0,2.24387595225199e-08,2.8358565224282945e-08,0.0,0.0,2.157499950492739e-08,1.0535862606660788e-07,2.048927419559368e-09,4.5937011198485085e-09
ACOM,0.0,0.0,2.2770889416097638e-10,3.013384929971421e-10,3.1369467513206034e-10,3.544035744302501e-10,0.0,0.0,0.0,0.0
VMGN,0.0,0.0,1.0390027933280919e-10,1.4110097577546555e-10,0.0,0.0,0.0,0.0,0.0,0.0
SGSF,0.0,0.0,3.1741254110039075e-10,4.1979398491636576e-10,0.0,0.0,5.022484235286648e-09,1.3948407067568724e-08,0.0,0.0
CRTC,0.0,0.0,9.760910673364064e-10,1.2625040993664822e-09,0.0,0.0,0.0,0.0,0.0,0.0
SEI,0.0,0.0,9.63867086518875e-10,1.2013834062244759e-09,0.0,0.0,1.5289981761239247e-09,6.432777563499835e-09,0.0,0.0
SKAC,0.0,0.0,1.1767516218224986e-09,1.591482970459291e-09,0.0,0.0,0.0,0.0,0.0,0.0
CRE,0.0,0.0,3.0927358222336727e-10,4.0889476893488954e-10,0.0,0.0,0.0,0.0,0.0,0.0
CONA,0.0,0.0,7.587247098037011e-10,1.020826228431201e-09,4.6131104554611274e-10,5.12900569021961e-10,0.0,0.0,0.0,0.0
PERS,0.0,0.0,4.1212775801137964e-10,5.44370251663658e-10,3.11500378792181e-10,3.460765101638228e-10,0.0,0.0,0.0,0.0
ATMI,0.0,0.0,1.385065158477104e-09,1.6834142022385803e-09,0.0,0.0,0.0,0.0,0.0,0.0
CADS,0.0,0.0,4.830923038698204e-10,6.214205033961775e-10,5.33661024931621e-10,6.119938241580095e-10,0.0,0.0,0.0,0.0
CRNS,0.0,0.0,3.171443649771917e-10,4.1269462836946447e-10,4.4028544370003016e-10,5.127706762737514e-10,0.0,0.0,0.0,0.0
LESA,0.0,0.0,4.964243332180995e-10,6.525921391123304e-10,3.9057195825290167e-10,4.454279916786015e-10,0.0,0.0,0.0,0.0
EQUI,0.0,0.0,2.7082210274466075e-10,3.1587686407477935e-10,0.0,0.0,9.065088683617107e-10,4.8969873029098204e-09,0.0,0.0
ATVO,0.0,0.0,3.914611070515432e-10,5.026607577317483e-10,0.0,0.0,0.0,0.0,0.0,0.0
OPPE,0.0,0.0,2.5976352858845e-08,3.1840634316870304e-08,0.0,0.0,0.0,0.0,0.0,0.0
AGOR,0.0,0.0,3.193944579735793e-10,4.1318353275948127e-10,2.483082131505724e-10,3.2121437362393994e-10,1.3024834716256715e-09,7.515095019495516e-09,0.0,0.0
IT04A,0.0,0.0,7.068110143946941e-09,8.774122350072342e-09,0.0,0.0,0.0,0.0,0.0,0.0
ETLBK,0.0,0.0,2.255293896737715e-09,2.6289690245874643e-09,0.0,0.0,1.0237449155371684e-08,3.7133997095898035e-08,0.0,0.0
CLF,0.0,0.0,1.954810863375664e-09,2.509997465793087e-09,0.0,0.0,1.7571315111114103e-08,6.811182134844685e-08,1.2420350165923723e-09,3.7531453990487e-09
CRES,0.0,0.0,2.551260478722027e-10,3.278627761907504e-10,3.707087659158537e-10,4.34269298441039e-10,0.0,0.0,0.0,0.0
LEUC,0.0,0.0,3.968563545464115e-10,5.370087990988889e-10,0.0,0.0,6.324420663906593e-09,1.9355629444490795e-08,0.0,0.0
OZLJ,0.0,0.0,9.445382031698435e-11,1.1858681974773812e-10,0.0,0.0,0.0,0.0,0.0,0.0
ROLD,0.0,0.0,1.91701213143328e-08,2.3666918675891528e-08,0.0,0.0,3.9273579952989476e-08,1.6275881085033093e-07,0.0,0.0
GOLS,0.0,0.0,6.728211674084142e-10,9.025461768958035e-10,5.600892704203084e-10,6.234251578367501e-10,0.0,0.0,0.0,0.0
MTRZ,0.0,0.0,7.72651892309808e-10,1.0888216037476008e-09,0.0,0.0,5.742341972700757e-09,3.4595425028073543e-08,0.0,0.0
ZAVS,0.0,0.0,4.714292179047656e-10,6.0046224244247e-10,4.69229436537886e-10,5.296484374997765e-10,0.0,0.0,0.0,0.0
BOZZ,0.0,0.0,1.4765415865481322e-08,1.865977531559555e-08,0.0,0.0,0.0,0.0,0.0,0.0
VKB,0.0,0.0,2.7759591522894243e-09,3.600211688188119e-09,0.0,0.0,2.323770601963912e-08,9.02596924818644e-08,0.0,0.0
SSFR,0.0,0.0,7.337080654283362e-10,9.45529275213681e-10,0.0,0.0,0.0,0.0,0.0,0.0
SARZ,0.0,0.0,9.122731529423356e-09,1.1609003223905534e-08,2.4793514015817643e-09,2.5080963838009984e-09,0.0,0.0,0.0,0.0
SACS,0.0,0.0,3.6561655278366967e-10,4.687927501452552e-10,0.0,0.0,0.0,0.0,0.0,0.0
MOMA,0.0,0.0,3.0020099727000864e-10,3.8205019736498726e-10,0.0,0.0,0.0,0.0,0.0,0.0
MGAB,0.0,0.0,4.3609600021710176e-10,5.50763137426349e-10,0.0,0.0,0.0,0.0,0.0,0.0
MYKA,0.0,0.0,3.5211829582431296e-10,4.726480102518617e-10,4.1359040487829047e-10,4.71629367619106e-10,0.0,0.0,0.0,0.0
CFF,0.0,0.0,1.2131177558252864e-08,1.5097964006314554e-08,0.0,0.0,5.0297222349382934e-08,1.4475648891770204e-07,1.177101325256222e-09,2.253317180106685e-09
ATPC,0.0,0.0,3.6387532315769393e-10,4.7070804691471e-10,0.0,0.0,0.0,0.0,0.0,0.0
CHLF,0.0,0.0,3.044698498839857e-10,4.07372846585999e-10,0.0,0.0,3.567721281259444e-09,1.3099609560289669e-08,0.0,0.0
PALA,0.0,0.0,2.8567661524186514e-10,3.7559727921354935e-10,1.9591131931687047e-10,2.478142964468199e-10,0.0,0.0,0.0,0.0
GEPF,0.0,0.0,3.8988668950911005e-10,5.017894595062057e-10,2.55422372189469e-10,2.8451934104767576e-10,0.0,0.0,0.0,0.0
ABSI,0.0,0.0,7.44246072625367e-10,9.75242373094249e-10,0.0,0.0,8.22537194163833e-09,4.627642324488729e-08,0.0,0.0
TREC,0.0,0.0,5.548124064192999e-10,1.030541839780569e-09,5.749239080415719e-10,6.024087352330615e-10,0.0,0.0,0.0,0.0
AVM,0.0,0.0,8.37071248400944e-10,1.025140353358925e-09,4.42055105027489e-10,5.733976230476977e-10,5.088773956404867e-09,1.4902593439328753e-08,3.927661839850893e-10,8.911433780459953e-10
IMI,0.0,0.0,4.3176899595301005e-10,5.401116553636231e-10,0.0,0.0,4.538675808255528e-09,1.6608219307678206e-08,0.0,0.0
SSB,0.0,0.0,6.612269428464457e-10,8.73985675959458e-10,3.2891504804943275e-10,3.7632974468241433e-10,0.0,0.0,5.05786279542042e-10,1.2093143117590401e-09
IT03A,0.0,0.0,3.602408719010328e-09,4.517345536603919e-09,0.0,0.0,7.864832827345682e-09,4.284899923408526e-08,0.0,0.0
CSNT,0.0,0.0,4.705608197689046e-10,5.550365963876073e-10,0.0,0.0,0.0,0.0,0.0,0.0
ZVC,0.0,0.0,2.0507541560468407e-10,2.703817920016341e-10,0.0,0.0,0.0,0.0,0.0,0.0
LOR,0.0,0.0,4.931456298795361e-10,6.387970356271843e-10,0.0,0.0,4.925293017744236e-09,2.312367093715205e-08,0.0,0.0
SABO,0.0,0.0,2.0958128647328622e-10,2.6735566247133877e-10,2.6890497175400065e-10,3.1754983613354633e-10,0.0,0.0,0.0,0.0
OBKA,0.0,0.0,5.478671445197642e-10,7.139840343212241e-10,4.93503288263887e-10,5.387455752146545e-10,0.0,0.0,0.0,0.0
BOO,0.0,0.0,2.9789700601032835e-10,3.8232739914242175e-10,2.2030590569342447e-10,2.4673050662295567e-10,0.0,0.0,0.0,0.0
KHC,0.0,0.0,2.653615080640845e-10,3.3025043879357943e-10,5.44315363658656e-10,5.846993947827509e-10,0.0,0.0,0.0,0.0
NKC,0.0,0.0,3.2009630870161126e-10,4.1529977407085716e-10,0.0,0.0,0.0,0.0,0.0,0.0
AGO,0.0,0.0,3.8528346604252805e-10,4.89886405861315e-10,0.0,0.0,3.640988303269566e-09,1.6508183017134156e-08,0.0,0.0
GRA1,0.0,0.0,2.641346737632811e-09,3.4083248338035476e-09,1.9130145019603117e-09,2.148634057294405e-09,1.9570281184714357e-08,1.980465719059949e-07,0.0,0.0
VERF,0.0,0.0,3.5167106649594117e-10,4.5287308297711404e-10,0.0,0.0,4.020261016711043e-09,1.672338066556163e-08,0.0,0.0
HRSF,0.0,0.0,3.075171163163295e-10,4.2217534730359686e-10,0.0,0.0,4.024259069148518e-09,1.4018780359635082e-08,0.0,0.0
FNVD,0.0,0.0,6.79512217614307e-10,8.141738683537962e-10,0.0,0.0,2.9526345396766182e-09,1.5987690914284608e-08,3.5735286199740526e-10,4.298497190970223e-10
CESX,0.0,0.0,6.04841395623787e-10,7.65718711772121e-10,0.0,0.0,0.0,0.0,0.0,0.0
EF02,0.0,0.0,5.098494466653279e-09,5.6140660108761415e-09,0.0,0.0,0.0,0.0,0.0,0.0
VOJS,0.0,0.0,3.0316611646091357e-10,4.123918464592601e-10,4.543221220813535e-10,5.118409302161186e-10,0.0,0.0,0.0,0.0
CARD,0.0,0.0,4.5506847024103456e-10,5.475991046166784e-10,0.0,0.0,9.697613228043148e-10,5.364416535504794e-09,0.0,0.0
SOKA,0.0,0.0,3.789665614381806e-10,4.782185066070685e-10,3.184763682368657e-10,3.3650219227070835e-10,0.0,0.0,0.0,0.0
CSNA,0.0,0.0,7.216048574515972e-10,9.732905939626863e-10,4.393777489643655e-10,4.668205025513776e-10,0.0,0.0,0.0,0.0
PTCC,0.0,0.0,3.416820240540105e-10,4.3276920840357434e-10,8.093811156233119e-10,9.236004355091383e-10,0.0,0.0,0.0,0.0
GNEF,0.0,0.0,4.238900404612655e-10,5.852261842469984e-10,0.0,0.0,0.0,0.0,0.0,0.0
APEC,0.0,0.0,3.286938774830205e-10,3.995120304563586e-10,0.0,0.0,0.0,0.0,0.0,0.0
IT05A,0.0,0.0,2.0066336449519998e-10,2.6293920297077784e-10,0.0,0.0,0.0,0.0,0.0,0.0
PDKS,0.0,0.0,2.9508343217147624e-10,4.0334670386228086e-10,4.5571038355327324e-10,5.428907369185334e-10,0.0,0.0,0.0,0.0
RIY,0.0,0.0,1.0078607133316388e-10,1.2505333357253224e-10,0.0,0.0,0.0,0.0,0.0,0.0
BRIS,0.0,0.0,2.7001441816612117e-10,3.3900571191255957e-10,0.0,0.0,0.0,0.0,0.0,0.0
HELF,0.0,0.0,1.372537286906341e-09,1.806564112002015e-09,0.0,0.0,8.027297438287307e-09,3.076456085957087e-08,0.0,0.0
GARF,0.0,0.0,4.0328706181632127e-10,5.626949957637855e-10,0.0,0.0,0.0,0.0,0.0,0.0
DOBS,0.0,0.0,4.6022961067790744e-10,5.641510450697768e-10,3.4607986369144807e-10,3.734270117352004e-10,0.0,0.0,0.0,0.0
MGRO,0.0,0.0,2.1579523898260992e-10,2.713698433107052e-10,3.4852383196961206e-10,4.24211892487884e-10,2.00509591505492e-09,6.564369850239109e-09,2.1907857524563833e-10,3.4602749159859724e-10
ARVD,0.0,0.0,1.340402159564394e-09,1.420869555463849e-09,0.0,0.0,0.0,0.0,0.0,0.0
PVCC,0.0,0.0,7.568840755023886e-10,1.0035642931604066e-09,0.0,0.0,0.0,0.0,0.0,0.0
BOSL,0.0,0.0,7.608392945102986e-11,9.656373651139623e-11,0.0,0.0,3.6053180881107774e-10,1.941906220116773e-09,0.0,0.0
BSCF,0.0,0.0,7.974634953602585e-10,1.0718805350524687e-09,0.0,0.0,0.0,0.0,0.0,0.0
LJU,0.0,0.0,1.491702912265636e-09,1.9129741064298903e-09,7.601032408978422e-10,8.89711632519333e-10,0.0,0.0,0.0,0.0
JAVS,0.0,0.0,3.0416716684971304e-10,3.9156388614362365e-10,6.270226443657692e-10,6.729601563185924e-10,0.0,0.0,0.0,0.0
FALKS,0.0,0.0,7.867433438410843e-10,9.51435513681838e-10,0.0,0.0,0.0,0.0,0.0,0.0
GZNF,0.0,0.0,3.7947568498701396e-10,5.052621268305074e-10,0.0,0.0,3.7400763208749e-09,1.2558996493665857e-08,0.0,0.0
ARCI,0.0,0.0,9.00870410105498e-11,1.1558560024548834e-10,0.0,0.0,0.0,0.0,0.0,0.0
CEY,0.0,0.0,3.9752314728626087e-10,4.883588170397583e-10,5.191933299106101e-10,5.940558276389014e-10,0.0,0.0,0.0,0.0
PRED,0.0,0.0,1.6661541590416407e-10,2.1266752489098136e-10,1.7070940590929652e-10,2.0861151166238164e-10,0.0,0.0,0.0,0.0
CKRC,0.0,0.0,2.360075917871334e-10,3.1448666175078875e-10,4.6529650406353614e-10,4.791290293335686e-10,0.0,0.0,0.0,0.0
GBRS,0.0,0.0,1.9548023247672728e-10,2.6222108834379545e-10,4.289629893818811e-10,4.84933340228689e-10,0.0,0.0,0.0,0.0
DRE,0.0,0.0,1.6800178509520454e-10,2.2339362963274319e-10,2.743985978445159e-10,3.021211919936896e-10,0.0,0.0,0.0,0.0
ORZI,0.0,0.0,1.2863473628383154e-08,1.5623811652045074e-08,5.4547312503757876e-09,7.277783123264338e-09,1.0701902971541716e-08,3.4187337350657994e-08,0.0,0.0
CI37,0.0,0.0,0.0,0.0,1.2961946101072635e-09,1.52097167750712e-09,0.0,0.0,0.0,0.0
D146,0.0,0.0,0.0,0.0,1.0035388513554755e-09,1.1789725862712126e-09,0.0,0.0,0.0,0.0
D011A,0.0,0.0,0.0,0.0,1.7408272996198228e-10,1.8100423997893888e-10,0.0,0.0,0.0,0.0
D124,0.0,0.0,0.0,0.0,2.0523001367692798e-10,2.407739559228192e-10,0.0,0.0,0.0,0.0
CI41,0.0,0.0,0.0,0.0,2.7139541555562276e-10,3.2683719395986825e-10,0.0,0.0,0.0,0.0
D038,0.0,0.0,0.0,0.0,3.376008599504418e-10,4.063866320408157e-10,0.0,0.0,0.0,0.0
D073,0.0,0.0,0.0,0.0,8.93221932969164e-10,1.018416382229464e-09,0.0,0.0,0.0,0.0
D155,0.0,0.0,0.0,0.0,5.66705275661696e-10,6.846506492962382e-10,0.0,0.0,0.0,0.0
CI32,0.0,0.0,0.0,0.0,5.779191246347347e-09,6.537523953035854e-09,0.0,0.0,0.0,0.0
CI33,0.0,0.0,0.0,0.0,1.100649624428422e-09,1.331087586027731e-09,0.0,0.0,0.0,0.0
A287A,0.0,0.0,0.0,0.0,2.729323919528386e-10,3.1046779090687925e-10,0.0,0.0,0.0,0.0
D023,0.0,0.0,0.0,0.0,1.5682469587002814e-10,1.5968147213516848e-10,0.0,0.0,0.0,0.0
D126,0.0,0.0,0.0,0.0,2.930762380025563e-10,3.238106417181394e-10,0.0,0.0,0.0,0.0
SALAN,0.0,0.0,0.0,0.0,2.4210107118247493e-10,2.69452185931859e-10,4.846113417237816e-09,1.5288034087523016e-08,0.0,0.0
D067,0.0,0.0,0.0,0.0,2.4545525967365985e-10,2.6721276773950505e-10,0.0,0.0,0.0,0.0
DURI,0.0,0.0,0.0,0.0,1.3215480812349743e-10,1.5814540977389723e-10,0.0,0.0,0.0,0.0
D022,0.0,0.0,0.0,0.0,2.3796346842660587e-10,2.6270762248292216e-10,0.0,0.0,0.0,0.0
A017A,0.0,0.0,0.0,0.0,3.8349790132191607e-10,3.982989379263964e-10,0.0,0.0,0.0,0.0
SZBH,0.0,0.0,0.0,0.0,8.860273719947621e-10,1.046592696538744e-09,1.0689111678726996e-08,3.6024839340414175e-08,0.0,0.0
D099,0.0,0.0,0.0,0.0,2.463078557422562e-10,2.7172994804566766e-10,0.0,0.0,0.0,0.0
ZONE,0.0,0.0,0.0,0.0,1.139772345009627e-09,5.499944542473995e-10,0.0,0.0,0.0,0.0
CW04,0.0,0.0,0.0,0.0,1.3144843392176136e-10,1.5142673291103048e-10,0.0,0.0,0.0,0.0
D060,0.0,0.0,0.0,0.0,1.335308002245639e-10,1.524475001329261e-10,0.0,0.0,0.0,0.0
A007A,0.0,0.0,0.0,0.0,2.340702115755909e-10,2.508873783275499e-10,0.0,0.0,0.0,0.0
A205A,0.0,0.0,0.0,0.0,3.8882705575877516e-10,5.04692238303953e-10,0.0,0.0,0.0,0.0
D018,0.0,0.0,0.0,0.0,2.2667073583669267e-10,2.6209463271753276e-10,0.0,0.0,0.0,0.0
D028,0.0,0.0,0.0,0.0,1.5866136174803016e-10,2.600182399850584e-10,0.0,0.0,0.0,0.0
A021A,0.0,0.0,0.0,0.0,4.717687755379368e-10,5.262637750020572e-10,0.0,0.0,0.0,0.0
APRC,0.0,0.0,0.0,0.0,8.449389088409754e-10,1.0290429934930918e-09,0.0,0.0,0.0,0.0
CI10,0.0,0.0,0.0,0.0,7.002690075242638e-10,7.91111136842469e-10,0.0,0.0,0.0,0.0
CERA,0.0,0.0,0.0,0.0,8.846324250253532e-10,9.686556812016823e-10,0.0,0.0,0.0,0.0
D055,0.0,0.0,0.0,0.0,4.607851062102129e-10,5.247685156411371e-10,0.0,0.0,0.0,0.0
BALD,0.0,0.0,0.0,0.0,9.568131669712031e-10,1.1492668714833855e-09,0.0,0.0,0.0,0.0
A014A,0.0,0.0,0.0,0.0,3.241188021613589e-10,3.707182179853163e-10,0.0,0.0,0.0,0.0
D092,0.0,0.0,0.0,0.0,3.015084800998093e-10,3.3374304748056964e-10,0.0,0.0,0.0,0.0
MSAG,0.0,0.0,0.0,0.0,7.95443830190113e-10,1.0176971961468507e-09,0.0,0.0,0.0,0.0
D142,0.0,0.0,0.0,0.0,2.2203011260546984e-10,2.4408608064973827e-10,0.0,0.0,0.0,0.0
MARCO,0.0,0.0,0.0,0.0,5.157623209083237e-10,6.437597389568798e-10,0.0,0.0,0.0,0.0
D039,0.0,0.0,0.0,0.0,1.3067783218053046e-10,1.4256978411928576e-10,0.0,0.0,0.0,0.0
PGN3,0.0,0.0,0.0,0.0,2.0648741081888623e-10,2.5743933886592985e-10,0.0,0.0,0.0,0.0
CI15,0.0,0.0,0.0,0.0,2.6075806768895784e-10,2.891029159415727e-10,0.0,0.0,0.0,0.0
D151,0.0,0.0,0.0,0.0,2.766745623941197e-10,3.0980359124776884e-10,0.0,0.0,0.0,0.0
ZOU2,0.0,0.0,0.0,0.0,1.8320808162194708e-10,2.185273115992478e-10,0.0,0.0,0.0,0.0
A173A,0.0,0.0,0.0,0.0,2.3664119034351043e-10,2.697008264884581e-10,0.0,0.0,0.0,0.0
IA06A,0.0,0.0,0.0,0.0,2.9853552180749514e-10,3.422383693089444e-10,0.0,0.0,0.0,0.0
D034,0.0,0.0,0.0,0.0,1.4626783343468048e-10,1.6193887822754187e-10,0.0,0.0,0.0,0.0
IA09A,0.0,0.0,0.0,0.0,2.3661365070040096e-10,2.6304289414324166e-10,0.0,0.0,0.0,0.0
CDRU,0.0,0.0,0.0,0.0,3.5626873658406876e-10,4.1802868770659115e-10,0.0,0.0,0.0,0.0
A019A,0.0,0.0,0.0,0.0,2.1017188171110983e-10,2.4634613505636784e-10,0.0,0.0,0.0,0.0
D013,0.0,0.0,0.0,0.0,3.1374485046785867e-10,3.7485175494542414e-10,0.0,0.0,0.0,0.0
RNI2,0.0,0.0,0.0,0.0,7.08617316855065e-10,8.753867163257883e-10,0.0,0.0,0.0,0.0
CI23,0.0,0.0,0.0,0.0,2.660847713751256e-10,3.0277986336897616e-10,0.0,0.0,0.0,0.0
D113,0.0,0.0,0.0,0.0,2.2632010769401383e-10,2.577429109544344e-10,0.0,0.0,0.0,0.0
CI04,0.0,0.0,0.0,0.0,1.887199166625386e-09,2.308367773919379e-09,0.0,0.0,0.0,0.0
SLCN,0.0,0.0,0.0,0.0,5.94100806480833e-10,7.087585885585364e-10,0.0,0.0,0.0,0.0
D086,0.0,0.0,0.0,0.0,2.3706993709701803e-09,2.767380024225624e-09,0.0,0.0,0.0,0.0
CW05,0.0,0.0,0.0,0.0,1.9605340529156802e-09,2.440516068579656e-09,0.0,0.0,0.0,0.0
A016A,0.0,0.0,0.0,0.0,3.8776494786495015e-10,4.4293491525752776e-10,0.0,0.0,0.0,0.0
MLN,0.0,0.0,0.0,0.0,5.036946252707392e-10,5.399378731106261e-10,0.0,0.0,0.0,0.0
A178B,0.0,0.0,0.0,0.0,1.5091509796907346e-10,1.810521406998552e-10,0.0,0.0,0.0,0.0
D114,0.0,0.0,0.0,0.0,2.4020772994551264e-10,3.3649817549648447e-10,0.0,0.0,0.0,0.0
MGR,0.0,0.0,0.0,0.0,4.899848340963412e-10,5.925891840619555e-10,0.0,0.0,0.0,0.0
D054,0.0,0.0,0.0,0.0,2.3350545742586237e-10,2.6784205270298456e-10,0.0,0.0,0.0,0.0
AND3,0.0,0.0,0.0,0.0,7.0714868490222045e-09,8.296764403681962e-09,0.0,0.0,0.0,0.0
D014,0.0,0.0,0.0,0.0,1.9834846398601208e-10,2.1176044532237647e-10,0.0,0.0,0.0,0.0
D163,0.0,0.0,0.0,0.0,2.1675514434749167e-10,2.5560301149272336e-10,0.0,0.0,0.0,0.0
A193A,0.0,0.0,0.0,0.0,3.049181976185853e-10,3.8392113187114616e-10,0.0,0.0,0.0,0.0
D162,0.0,0.0,0.0,0.0,3.8338480915343244e-10,4.382736824726538e-10,0.0,0.0,0.0,0.0
A158A,0.0,0.0,0.0,0.0,2.343107478240001e-10,2.5347730840432367e-10,0.0,0.0,0.0,0.0
CW02,0.0,0.0,0.0,0.0,2.879173521552754e-10,3.5510020783279605e-10,0.0,0.0,0.0,0.0
D010,0.0,0.0,0.0,0.0,1.5077805090799416e-10,1.7728044368651828e-10,0.0,0.0,0.0,0.0
PALZ,0.0,0.0,0.0,0.0,2.4512483392091233e-09,2.9480403252356197e-09,0.0,0.0,0.0,0.0
CAPA,0.0,0.0,0.0,0.0,4.328623832206774e-09,5.548980169603127e-09,0.0,0.0,0.0,0.0
D061,0.0,0.0,0.0,0.0,1.6272867065039862e-09,2.190562156668628e-09,0.0,0.0,0.0,0.0
PZUN,0.0,0.0,0.0,0.0,1.5479729376390235e-09,1.905428689848112e-09,0.0,0.0,0.0,0.0
PTQR,0.0,0.0,0.0,0.0,3.6592992074414037e-10,4.4024346225869925e-10,0.0,0.0,0.0,0.0
A280A,0.0,0.0,0.0,0.0,1.5809874622434398e-09,1.959839580089604e-09,0.0,0.0,0.0,0.0
BERGE,0.0,0.0,0.0,0.0,4.0896867324631375e-10,4.3466763183568516e-10,7.4493809827548e-09,2.4723442888780942e-08,4.0895115936378496e-10,1.5827178948650204e-09
ZAG,0.0,0.0,0.0,0.0,7.869804181419857e-09,9.990466071130568e-09,0.0,0.0,0.0,0.0
TUE,0.0,0.0,0.0,0.0,2.3312100050353645e-10,2.3531821085203145e-10,0.0,0.0,5.057656425051459e-10,1.2790567539663554e-09
SRN3,0.0,0.0,0.0,0.0,1.5456248605522292e-10,1.925706068291229e-10,0.0,0.0,0.0,0.0
D021,0.0,0.0,0.0,0.0,1.8640608872121035e-10,1.91721526725588e-10,0.0,0.0,0.0,0.0
D037,0.0,0.0,0.0,0.0,2.9500293331579406e-10,3.563061759288933e-10,0.0,0.0,0.0,0.0
A083A,0.0,0.0,0.0,0.0,3.2718076936413967e-10,3.641285312453036e-10,0.0,0.0,0.0,0.0
D112,0.0,0.0,0.0,0.0,2.643087593028776e-09,2.2754019800464122e-09,0.0,0.0,0.0,0.0
CI07,0.0,0.0,0.0,0.0,2.1895639793223407e-10,2.4953627854014003e-10,0.0,0.0,0.0,0.0
A084A,0.0,0.0,0.0,0.0,1.9996616157383808e-10,2.0675577464583995e-10,0.0,0.0,0.0,0.0
A061A,0.0,0.0,0.0,0.0,3.004796448490885e-10,3.1531112153885356e-10,0.0,0.0,0.0,0.0
D090,0.0,0.0,0.0,0.0,2.2962914069248206e-10,2.4242886781012147e-10,0.0,0.0,0.0,0.0
OPS,0.0,0.0,0.0,0.0,8.45778705490312e-10,9.667535891926263e-10,9.576848246147677e-09,3.6778216381912845e-08,0.0,0.0
A196A,0.0,0.0,0.0,0.0,9.939986398494447e-10,1.16493518430758e-09,0.0,0.0,0.0,0.0
A077A,0.0,0.0,0.0,0.0,2.373234192694492e-10,2.5270801591290656e-10,0.0,0.0,0.0,0.0
D047,0.0,0.0,0.0,0.0,1.6523757683808783e-10,1.845493340722376e-10,0.0,0.0,0.0,0.0
CI25,0.0,0.0,0.0,0.0,6.474221057208847e-10,9.049905908659751e-10,0.0,0.0,0.0,0.0
D009,0.0,0.0,0.0,0.0,5.07823454038731e-10,6.146794461992832e-10,0.0,0.0,0.0,0.0
D025,0.0,0.0,0.0,0.0,4.803082547942403e-10,5.923685023863419e-10,0.0,0.0,0.0,0.0
IBFO,0.0,0.0,0.0,0.0,1.1731131915446391e-11,1.302879265022143e-11,1.701807037834405e-10,6.120686391613747e-10,0.0,0.0
D101,0.0,0.0,0.0,0.0,3.5211354467653036e-10,3.4547999164327467e-10,0.0,0.0,0.0,0.0
CI31,0.0,0.0,0.0,0.0,9.782817454624214e-09,9.594180689641217e-09,0.0,0.0,0.0,0.0
FUSE,0.0,0.0,0.0,0.0,4.178511320090057e-09,3.647175339547463e-09,0.0,0.0,0.0,0.0
D081,0.0,0.0,0.0,0.0,1.3892814590570984e-10,1.3794421083638683e-10,0.0,0.0,0.0,0.0
D005,0.0,0.0,0.0,0.0,1.9934511144358787e-10,2.1730717681104947e-10,0.0,0.0,0.0,0.0
D093,0.0,0.0,0.0,0.0,1.6183294487023112e-10,1.8260541853146006e-10,0.0,0.0,0.0,0.0
A076A,0.0,0.0,0.0,0.0,2.1188086172051412e-10,2.301141287698736e-10,0.0,0.0,0.0,0.0
RMP,0.0,0.0,0.0,0.0,3.138905430709733e-09,3.836322516215801e-09,0.0,0.0,0.0,0.0
D128,0.0,0.0,0.0,0.0,4.1853639291894567e-10,4.4762889389670383e-10,0.0,0.0,0.0,0.0
D152,0.0,0.0,0.0,0.0,1.7303429076574555e-10,1.7863648971085482e-10,0.0,0.0,0.0,0.0
D157,0.0,0.0,0.0,0.0,1.93601900976735e-10,2.2475329692079077e-10,0.0,0.0,0.0,0.0
D048,0.0,0.0,0.0,0.0,2.49521627347648e-10,5.357719120062811e-10,0.0,0.0,0.0,0.0
D089,0.0,0.0,0.0,0.0,2.5314699956838085e-10,3.1278848390302625e-10,0.0,0.0,0.0,0.0
A204A,0.0,0.0,0.0,0.0,1.079708600594402e-09,1.3410474952054396e-09,0.0,0.0,0.0,0.0
D141,0.0,0.0,0.0,0.0,3.098364838342113e-10,3.6148141372366204e-10,0.0,0.0,0.0,0.0
MA9,0.0,0.0,0.0,0.0,6.661511548376937e-09,8.82238645400573e-09,0.0,0.0,0.0,0.0
A282A,0.0,0.0,0.0,0.0,1.568252918373138e-09,1.719941652046278e-09,0.0,0.0,0.0,0.0
D158,0.0,0.0,0.0,0.0,2.4198413403615627e-10,2.5082152213210287e-10,0.0,0.0,0.0,0.0
LAV9,0.0,0.0,0.0,0.0,1.3427478423740514e-08,1.6310564423571176e-08,0.0,0.0,0.0,0.0
D100,0.0,0.0,0.0,0.0,1.8568594960367648e-10,2.129429713250685e-10,0.0,0.0,0.0,0.0
D102,0.0,0.0,0.0,0.0,1.4693788524568502e-10,1.5553878807526543e-10,0.0,0.0,0.0,0.0
D116,0.0,0.0,0.0,0.0,1.053676757198745e-09,1.428731533814711e-09,0.0,0.0,0.0,0.0
RONF,0.0,0.0,0.0,0.0,2.1484389039120423e-10,2.4309544637902945e-10,5.837789255977857e-09,2.0036539712773164e-08,0.0,0.0
AGLI,0.0,0.0,0.0,0.0,4.77333231127896e-10,6.072812995742346e-10,6.281787902817601e-10,2.0621736203463063e-09,0.0,0.0
D161,0.0,0.0,0.0,0.0,3.291540408559528e-10,3.941194537989434e-10,0.0,0.0,0.0,0.0
A181A,0.0,0.0,0.0,0.0,1.8778433337050119e-10,2.197995305408428e-10,0.0,0.0,0.0,0.0
CI43,0.0,0.0,0.0,0.0,3.6633044922312158e-09,3.083977735162879e-09,0.0,0.0,0.0,0.0
CI17,0.0,0.0,0.0,0.0,2.6229807871516366e-10,3.073923546251392e-10,0.0,0.0,0.0,0.0
LONG,0.0,0.0,0.0,0.0,1.4154945876703088e-10,1.7087192953142275e-10,0.0,0.0,0.0,0.0
D007,0.0,0.0,0.0,0.0,1.7820946464054232e-10,1.9021721368846558e-10,0.0,0.0,0.0,0.0
A291A,0.0,0.0,0.0,0.0,3.13222208113556e-10,3.3777461188275807e-10,0.0,0.0,0.0,0.0
D017,0.0,0.0,0.0,0.0,7.741905372763175e-10,9.478559037760719e-10,0.0,0.0,0.0,0.0
A024B,0.0,0.0,0.0,0.0,6.4234284919936e-10,7.603125976703643e-10,0.0,0.0,0.0,0.0
D104,0.0,0.0,0.0,0.0,5.820402820142752e-10,5.582932989792842e-10,0.0,0.0,0.0,0.0
D123,0.0,0.0,0.0,0.0,5.812191121119239e-10,6.126100792672865e-10,0.0,0.0,0.0,0.0
LIO3,0.0,0.0,0.0,0.0,2.078468869985996e-10,2.457837222622045e-10,0.0,0.0,0.0,0.0
D148,0.0,0.0,0.0,0.0,2.9176931361779e-10,3.1141637048816246e-10,0.0,0.0,0.0,0.0
D110,0.0,0.0,0.0,0.0,3.854783748255357e-09,4.911294946969329e-09,0.0,0.0,0.0,0.0
D077,0.0,0.0,0.0,0.0,2.2135846898832195e-10,2.7687089952232633e-10,0.0,0.0,0.0,0.0
CI35,0.0,0.0,0.0,0.0,4.778795357833366e-10,5.569032849793184e-10,0.0,0.0,0.0,0.0
D106,0.0,0.0,0.0,0.0,2.481371074297344e-10,2.789555995378927e-10,0.0,0.0,0.0,0.0
CI28,0.0,0.0,0.0,0.0,1.039301489010412e-09,1.1132734321701691e-09,0.0,0.0,0.0,0.0
D024,0.0,0.0,0.0,0.0,1.6754879772905606e-10,1.754218176506294e-10,0.0,0.0,0.0,0.0
A177A,0.0,0.0,0.0,0.0,1.6050637072956082e-10,1.8009158500609526e-10,0.0,0.0,0.0,0.0
SGT05,0.0,0.0,0.0,0.0,5.206866259075548e-10,6.045760719815125e-10,0.0,0.0,5.367698484152834e-10,1.99667184933608e-09
CERT,0.0,0.0,0.0,0.0,3.9636533499440924e-10,4.693826876070188e-10,0.0,0.0,0.0,0.0
SGT18,0.0,0.0,0.0,0.0,6.058715692205466e-10,7.771360445432727e-10,0.0,0.0,0.0,0.0
D059,0.0,0.0,0.0,0.0,1.4826366506830007e-10,1.7278767782231315e-10,0.0,0.0,0.0,0.0
BAD,0.0,0.0,0.0,0.0,4.835561927808056e-10,5.329602053485033e-10,0.0,0.0,0.0,0.0
D119,0.0,0.0,0.0,0.0,1.4344727284108116e-10,1.6255813472955055e-10,0.0,0.0,0.0,0.0
BIOG,0.0,0.0,0.0,0.0,1.397654607153791e-09,1.6975973186957575e-09,0.0,0.0,0.0,0.0
D138,0.0,0.0,0.0,0.0,2.3451620988403445e-10,2.752846589433421e-10,0.0,0.0,0.0,0.0
BOSI,0.0,0.0,0.0,0.0,1.0703831114196492e-08,1.3374140823711572e-08,2.8033936153071666e-08,1.4090908912880106e-07,0.0,0.0
A184A,0.0,0.0,0.0,0.0,1.6833884890617852e-10,1.9790674062219747e-10,0.0,0.0,0.0,0.0
D052,0.0,0.0,0.0,0.0,1.9731009807100907e-10,2.2458319109257718e-10,0.0,0.0,0.0,0.0
CI24,0.0,0.0,0.0,0.0,1.8447067633655308e-10,1.9906837766363866e-10,0.0,0.0,0.0,0.0
A286A,0.0,0.0,0.0,0.0,2.674934572471977e-09,3.310573669157372e-09,0.0,0.0,0.0,0.0
OGMO,0.0,0.0,0.0,0.0,3.7989012075617717e-10,4.889484817540065e-10,2.7931477660723804e-09,8.120329435476812e-09,0.0,0.0
CI26,0.0,0.0,0.0,0.0,2.7176977991257397e-10,3.402253555149761e-10,0.0,0.0,0.0,0.0
IA05A,0.0,0.0,0.0,0.0,2.0099688567700919e-10,2.1731018476076406e-10,0.0,0.0,0.0,0.0
CW01,0.0,0.0,0.0,0.0,2.286586782198274e-09,2.759979492818698e-09,0.0,0.0,0.0,0.0
A071A,0.0,0.0,0.0,0.0,6.764417513599104e-10,9.038196374168515e-10,0.0,0.0,0.0,0.0
A020B,0.0,0.0,0.0,0.0,3.789178533427e-10,4.122792181201836e-10,0.0,0.0,0.0,0.0
ARGT,0.0,0.0,0.0,0.0,2.871623503067334e-10,3.5097938976548523e-10,0.0,0.0,0.0,0.0
CI22,0.0,0.0,0.0,0.0,1.319691161698148e-10,1.6310378419222162e-10,0.0,0.0,0.0,0.0
D015,0.0,0.0,0.0,0.0,1.800387487855669e-10,1.8696771338176512e-10,0.0,0.0,0.0,0.0
D159,0.0,0.0,0.0,0.0,1.9257405935894408e-10,2.054566459747704e-10,0.0,0.0,0.0,0.0
IA03A,0.0,0.0,0.0,0.0,1.3733303720052716e-10,1.5305682354341216e-10,0.0,0.0,0.0,0.0
CRTO,0.0,0.0,0.0,0.0,3.615418560792562e-09,4.4333577219417265e-09,0.0,0.0,0.0,0.0
D072,0.0,0.0,0.0,0.0,2.1798215321494358e-10,2.3054287776993582e-10,0.0,0.0,0.0,0.0
MODR,0.0,0.0,0.0,0.0,2.1206281251184847e-09,2.663878425282784e-09,0.0,0.0,0.0,0.0
A008A,0.0,0.0,0.0,0.0,2.4327935659378496e-10,2.1183534098767191e-10,0.0,0.0,0.0,0.0
D149,0.0,0.0,0.0,0.0,2.0964624785834387e-10,2.404938000974537e-10,0.0,0.0,0.0,0.0
A074A,0.0,0.0,0.0,0.0,2.8722939158427754e-10,3.010695649896508e-10,0.0,0.0,0.0,0.0
D001,0.0,0.0,0.0,0.0,6.626763527064832e-10,8.102972841879885e-10,0.0,0.0,0.0,0.0
D127,0.0,0.0,0.0,0.0,2.1691125093072958e-10,2.3997369283749926e-10,0.0,0.0,0.0,0.0
POFI,0.0,0.0,0.0,0.0,3.976583557119824e-10,4.5969163163756415e-10,0.0,0.0,0.0,0.0
D160,0.0,0.0,0.0,0.0,2.0451988242985154e-10,2.2385813352967323e-10,0.0,0.0,0.0,0.0
D050,0.0,0.0,0.0,0.0,2.1178729084005423e-10,2.379615560960235e-10,0.0,0.0,0.0,0.0
D083,0.0,0.0,0.0,0.0,1.7718892885673594e-10,1.9189843338200364e-10,0.0,0.0,0.0,0.0
CE03,0.0,0.0,0.0,0.0,2.2855815743149616e-10,2.3106622314465102e-10,0.0,0.0,0.0,0.0
A012A,0.0,0.0,0.0,0.0,2.0428969394994915e-10,2.3260874710491408e-10,0.0,0.0,0.0,0.0
D069,0.0,0.0,0.0,0.0,3.27515076497224e-10,5.098778659130765e-10,0.0,0.0,0.0,0.0
D019,0.0,0.0,0.0,0.0,1.5219891046589082e-10,1.6851752972944583e-10,0.0,0.0,0.0,0.0
CI13,0.0,0.0,0.0,0.0,5.054558273359639e-10,9.51788110636133e-10,0.0,0.0,0.0,0.0
CI16,0.0,0.0,0.0,0.0,2.0508552684795567e-10,2.3674785311467195e-10,0.0,0.0,0.0,0.0
IA10A,0.0,0.0,0.0,0.0,3.706835840496551e-10,4.0499103250800635e-10,0.0,0.0,0.0,0.0
A208A,0.0,0.0,0.0,0.0,3.758662594958295e-10,4.957605280518455e-10,0.0,0.0,0.0,0.0
CI08,0.0,0.0,0.0,0.0,2.0031525605595312e-10,2.537887746487239e-10,0.0,0.0,0.0,0.0
D065,0.0,0.0,0.0,0.0,1.536007557592589e-09,1.901869319139529e-09,0.0,0.0,0.0,0.0
IA07A,0.0,0.0,0.0,0.0,1.9809583861405728e-10,2.2156329836428702e-10,0.0,0.0,0.0,0.0
SAMA,0.0,0.0,0.0,0.0,1.7807211862187212e-09,2.254146685075311e-09,0.0,0.0,0.0,0.0
D012,0.0,0.0,0.0,0.0,3.0181779071374497e-10,3.3175662099303564e-10,0.0,0.0,0.0,0.0
D046,0.0,0.0,0.0,0.0,2.3856510319925313e-10,2.477416961896224e-10,0.0,0.0,0.0,0.0
D136,0.0,0.0,0.0,0.0,2.2509009697031287e-10,2.8446665453403e-10,0.0,0.0,0.0,0.0
D008,0.0,0.0,0.0,0.0,1.7219871200469747e-10,2.066679625472324e-10,0.0,0.0,0.0,0.0
D120,0.0,0.0,0.0,0.0,1.472473865582274e-10,1.6583999216917468e-10,0.0,0.0,0.0,0.0
PIGN,0.0,0.0,0.0,0.0,5.02630571074334e-10,6.064288201168899e-10,0.0,0.0,0.0,0.0
A172B,0.0,0.0,0.0,0.0,2.1935391939140166e-09,2.782454279472637e-09,0.0,0.0,0.0,0.0
D145,0.0,0.0,0.0,0.0,4.2548286960543095e-10,4.960149012346286e-10,0.0,0.0,0.0,0.0
CI21,0.0,0.0,0.0,0.0,1.5015584785039943e-10,1.5541965706699782e-10,0.0,0.0,0.0,0.0
A079A,0.0,0.0,0.0,0.0,2.2907147111471366e-10,2.6468093942925076e-10,0.0,0.0,0.0,0.0
A316A,0.0,0.0,0.0,0.0,5.831117024438643e-10,7.38652801623569e-10,0.0,0.0,0.0,0.0
D068,0.0,0.0,0.0,0.0,6.692078416279345e-10,8.24850990654714e-10,0.0,0.0,0.0,0.0
D066,0.0,0.0,0.0,0.0,1.7564949259468178e-10,2.2636554913509359e-10,0.0,0.0,0.0,0.0
D156,0.0,0.0,0.0,0.0,2.0841959378440571e-10,2.2165030726743903e-10,0.0,0.0,0.0,0.0
IA04A,0.0,0.0,0.0,0.0,2.2008027454669387e-10,2.5764681543960246e-10,0.0,0.0,0.0,0.0
D150,0.0,0.0,0.0,0.0,2.4587521583491984e-10,2.7217840928127604e-10,0.0,0.0,0.0,0.0
CI05,0.0,0.0,0.0,0.0,2.1553729990225268e-09,2.5067205720937307e-09,0.0,0.0,0.0,0.0
D129,0.0,0.0,0.0,0.0,2.55916539763889e-10,2.9760645455034177e-10,0.0,0.0,0.0,0.0
BIOA,0.0,0.0,0.0,0.0,5.530237101587515e-10,6.425634200680561e-10,0.0,0.0,0.0,0.0
D063,0.0,0.0,0.0,0.0,2.3526367318732034e-10,2.658324071094772e-10,0.0,0.0,0.0,0.0
CE01,0.0,0.0,0.0,0.0,1.0244875163017638e-10,1.0609627611835367e-10,0.0,0.0,0.0,0.0
D035,0.0,0.0,0.0,0.0,4.433886391514509e-10,4.5337760949867415e-10,0.0,0.0,0.0,0.0
D056,0.0,0.0,0.0,0.0,4.2780663142889606e-10,4.6427601402384086e-10,0.0,0.0,0.0,0.0
IA02A,0.0,0.0,0.0,0.0,1.7551069214414828e-10,1.9094251549284163e-10,0.0,0.0,0.0,0.0
D051,0.0,0.0,0.0,0.0,3.282369448191566e-10,3.925224656152386e-10,0.0,0.0,0.0,0.0
SACR,0.0,0.0,0.0,0.0,5.662047659494306e-10,6.53974049384748e-10,0.0,0.0,0.0,0.0
D029,0.0,0.0,0.0,0.0,2.5037996914762216e-10,2.7645852938942796e-10,0.0,0.0,0.0,0.0
D097,0.0,0.0,0.0,0.0,2.580917091029575e-09,3.3186967178615326e-09,0.0,0.0,0.0,0.0
D074,0.0,0.0,0.0,0.0,2.0044565741823527e-10,2.144612091298656e-10,0.0,0.0,0.0,0.0
RSFI,0.0,0.0,0.0,0.0,1.4134220893675903e-09,1.7726810487181135e-09,0.0,0.0,0.0,0.0
EPIR,0.0,0.0,0.0,0.0,6.973747967806584e-10,8.581634161661516e-10,0.0,0.0,0.0,0.0
A175A,0.0,0.0,0.0,0.0,1.3140552203735923e-09,1.641714870196584e-09,0.0,0.0,0.0,0.0
A285A,0.0,0.0,0.0,0.0,1.530089877870809e-09,1.7767274623609143e-09,0.0,0.0,0.0,0.0
CI06,0.0,0.0,0.0,0.0,2.1607861235469832e-10,2.510193513979801e-10,0.0,0.0,0.0,0.0
D115,0.0,0.0,0.0,0.0,1.8777083012474307e-10,2.2060331631472247e-10,0.0,0.0,0.0,0.0
D137,0.0,0.0,0.0,0.0,2.2955152412431007e-10,2.428730890036078e-10,0.0,0.0,0.0,0.0
D088,0.0,0.0,0.0,0.0,2.588698389910379e-10,3.0185154838004564e-10,0.0,0.0,0.0,0.0
CI34,0.0,0.0,0.0,0.0,2.128844772162833e-09,2.671982136565794e-09,0.0,0.0,0.0,0.0
D049,0.0,0.0,0.0,0.0,2.0083817335309887e-10,2.293718011517312e-10,0.0,0.0,0.0,0.0
D122A,0.0,0.0,0.0,0.0,1.6135576706257135e-10,1.5783544085421791e-10,0.0,0.0,0.0,0.0
D111,0.0,0.0,0.0,0.0,2.8846617804314966e-10,3.221514480391521e-10,0.0,0.0,0.0,0.0
POSAN,0.0,0.0,0.0,0.0,1.2868182759324778e-09,1.624751712523244e-09,0.0,0.0,0.0,0.0
PERR,0.0,0.0,0.0,0.0,1.6183787399731162e-10,1.914889572190856e-10,0.0,0.0,0.0,0.0
D133,0.0,0.0,0.0,0.0,1.3211042565832123e-10,1.5195455369980112e-10,0.0,0.0,0.0,0.0
D131,0.0,0.0,0.0,0.0,1.2237321316794282e-09,1.3742648785306e-09,0.0,0.0,0.0,0.0
A080A,0.0,0.0,0.0,0.0,6.098804641304152e-10,6.462985968662325e-10,0.0,0.0,0.0,0.0
A075A,0.0,0.0,0.0,0.0,3.5176854687774445e-10,3.1326207588609056e-10,0.0,0.0,0.0,0.0
A317A,0.0,0.0,0.0,0.0,0.0015664571419618,0.0018631775999329,0.0,0.0,0.0,0.0
A194A,0.0,0.0,0.0,0.0,2.238732341307215e-10,2.7595599750487194e-10,0.0,0.0,0.0,0.0
D132,0.0,0.0,0.0,0.0,5.43208973096873e-10,6.333390308218504e-10,0.0,0.0,0.0,0.0
A164A,0.0,0.0,0.0,0.0,2.9495531135699794e-10,3.189476490919415e-10,0.0,0.0,0.0,0.0
OTER1,0.0,0.0,0.0,0.0,1.0442102513367065e-11,1.2897150775951697e-11,0.0,0.0,0.0,0.0
NEEW,0.0,0.0,0.0,0.0,1.950064424260742e-09,2.116798067459144e-09,3.221998701508396e-08,1.423865308323103e-07,0.0,0.0
IA01A,0.0,0.0,0.0,0.0,1.813099847263757e-10,1.7736581407498152e-10,0.0,0.0,0.0,0.0
D027,0.0,0.0,0.0,0.0,1.9544375958775252e-10,2.070522764951748e-10,0.0,0.0,0.0,0.0
D107,0.0,0.0,0.0,0.0,1.8354202762828406e-10,1.9220276962444387e-10,0.0,0.0,0.0,0.0
IMTC,0.0,0.0,0.0,0.0,5.691461324760718e-09,7.705002548525394e-09,0.0,0.0,0.0,0.0
D084,0.0,0.0,0.0,0.0,1.517992727549746e-10,1.6725229684230835e-10,0.0,0.0,0.0,0.0
D033,0.0,0.0,0.0,0.0,1.9108513036208087e-10,1.9568680106235275e-10,0.0,0.0,0.0,0.0
CI38,0.0,0.0,0.0,0.0,8.578400810548091e-10,9.799722226390408e-10,0.0,0.0,0.0,0.0
D153,0.0,0.0,0.0,0.0,1.8865175729201064e-10,2.053648583745072e-10,0.0,0.0,0.0,0.0
ILLF,0.0,0.0,0.0,0.0,7.642126577008072e-10,8.412763939012395e-10,1.9793735895992405e-08,5.765684073232403e-08,0.0,0.0
A073A,0.0,0.0,0.0,0.0,4.846487404398757e-10,5.985298838632922e-10,0.0,0.0,0.0,0.0
D020,0.0,0.0,0.0,0.0,3.6670692741259677e-10,4.3204062783172956e-10,0.0,0.0,0.0,0.0
CI11,0.0,0.0,0.0,0.0,5.21517402132747e-10,6.277894572750853e-10,0.0,0.0,0.0,0.0
D147,0.0,0.0,0.0,0.0,1.9258084358934388e-10,2.1187208338385875e-10,0.0,0.0,0.0,0.0
A161A,0.0,0.0,0.0,0.0,3.199119774335889e-10,3.4751388659798945e-10,0.0,0.0,0.0,0.0
SGG,0.0,0.0,0.0,0.0,4.1371899699468976e-10,5.009380906691492e-10,0.0,0.0,0.0,0.0
D091,0.0,0.0,0.0,0.0,1.6235147952006894e-10,1.7791265410781902e-10,0.0,0.0,0.0,0.0
CI14,0.0,0.0,0.0,0.0,5.099261718469251e-10,6.868017071941533e-10,0.0,0.0,0.0,0.0
CE07,0.0,0.0,0.0,0.0,1.8152090863811438e-09,2.435005587691852e-09,0.0,0.0,0.0,0.0
D130,0.0,0.0,0.0,0.0,2.2067006364663517e-10,2.4213312496510087e-10,0.0,0.0,0.0,0.0
A290A,0.0,0.0,0.0,0.0,3.265328976627328e-10,3.5921350822857025e-10,0.0,0.0,0.0,0.0
RSF3,0.0,0.0,0.0,0.0,4.0650678912039004e-10,4.907429590918301e-10,0.0,0.0,0.0,0.0
D096,0.0,0.0,0.0,0.0,7.0133342845185194e-09,9.811202920410256e-09,0.0,0.0,0.0,0.0
GATE,0.0,0.0,0.0,0.0,7.473815059476611e-10,8.673696400299177e-10,0.0,0.0,0.0,0.0
D139,0.0,0.0,0.0,0.0,3.1088942350272024e-10,3.7818752937234525e-10,0.0,0.0,0.0,0.0
CI30,0.0,0.0,0.0,0.0,1.4950330699264283e-10,1.652816971494963e-10,0.0,0.0,0.0,0.0
LPEL,0.0,0.0,0.0,0.0,8.98705595218154e-10,1.010062795598614e-09,0.0,0.0,0.0,0.0
D043,0.0,0.0,0.0,0.0,2.5629877280545096e-10,3.023944995292004e-10,0.0,0.0,0.0,0.0
CE05,0.0,0.0,0.0,0.0,7.428502703683692e-10,8.62746193385164e-10,0.0,0.0,0.0,0.0
BSSO,0.0,0.0,0.0,0.0,2.0616335724074108e-10,2.5815536697297377e-10,0.0,0.0,0.0,0.0
GIMEL,0.0,0.0,0.0,0.0,3.023224575626245e-10,3.1726772017019025e-10,6.527272379127967e-09,2.4676565742946587e-08,3.9472521612905395e-10,9.883603898056396e-10
D062,0.0,0.0,0.0,0.0,1.6153823003259308e-10,1.785999319750442e-10,0.0,0.0,0.0,0.0
A209B,0.0,0.0,0.0,0.0,1.1309353452215468e-08,1.3469012490501002e-08,0.0,0.0,0.0,0.0
OGGM,0.0,0.0,0.0,0.0,2.263759620854136e-10,2.7697056848301877e-10,0.0,0.0,1.953288699634283e-10,3.6818228361200857e-10
D036,0.0,0.0,0.0,0.0,2.2541943050818033e-09,1.8679599030506477e-09,0.0,0.0,0.0,0.0
D045A,0.0,0.0,0.0,0.0,5.394714175303256e-10,5.912797739487124e-10,0.0,0.0,0.0,0.0
D002,0.0,0.0,0.0,0.0,2.592387178872217e-10,2.798552808622273e-10,0.0,0.0,0.0,0.0
IFOR,0.0,0.0,0.0,0.0,1.0374773494396329e-08,1.2403132011002782e-08,0.0,0.0,0.0,0.0
D064,0.0,0.0,0.0,0.0,2.499059840624984e-10,2.6727873029451663e-10,0.0,0.0,0.0,0.0
VIVA,0.0,0.0,0.0,0.0,5.319521172500989e-09,7.312577008423555e-09,0.0,0.0,0.0,0.0
A078A,0.0,0.0,0.0,0.0,1.7936936373771482e-10,1.9743373651919847e-10,0.0,0.0,0.0,0.0
D057,0.0,0.0,0.0,0.0,4.13015631355445e-10,4.901299812522661e-10,0.0,0.0,0.0,0.0
D117,0.0,0.0,0.0,0.0,1.76746910870178e-10,1.9291386338961308e-10,0.0,0.0,0.0,0.0
D078,0.0,0.0,0.0,0.0,1.8463470789084508e-10,1.9697598817788812e-10,0.0,0.0,0.0,0.0
MTCE,0.0,0.0,0.0,0.0,4.786550667391124e-10,6.004755538922871e-10,0.0,0.0,0.0,0.0
IA08A,0.0,0.0,0.0,0.0,2.2261723919015835e-10,2.3353949050487497e-10,0.0,0.0,0.0,0.0
POSAS,0.0,0.0,0.0,0.0,1.016541635544166e-09,1.220587340210883e-09,0.0,0.0,0.0,0.0
CI09,0.0,0.0,0.0,0.0,1.9403527609890743e-10,2.4299005250975885e-10,0.0,0.0,0.0,0.0
A013A,0.0,0.0,0.0,0.0,3.5132826605939486e-10,3.8716836441312463e-10,0.0,0.0,0.0,0.0
CW03,0.0,0.0,0.0,0.0,8.729851486073436e-10,9.553197461081488e-10,0.0,0.0,0.0,0.0
D041,0.0,0.0,0.0,0.0,2.1432628900033048e-10,2.1600864665929383e-10,0.0,0.0,0.0,0.0
A192B,0.0,0.0,0.0,0.0,1.1782245382043611e-09,1.2756856125165651e-09,0.0,0.0,0.0,0.0
D108,0.0,0.0,0.0,0.0,2.9792027686273566e-09,3.201433602860814e-09,0.0,0.0,0.0,0.0
CE02,0.0,0.0,0.0,0.0,1.5974601184788618e-10,1.826793130924481e-10,0.0,0.0,0.0,0.0
D085,0.0,0.0,0.0,0.0,3.5620877947284715e-10,2.908171800092604e-10,0.0,0.0,0.0,0.0
CI39,0.0,0.0,0.0,0.0,5.582050742731491e-10,6.772062529190377e-10,0.0,0.0,0.0,0.0
D135,0.0,0.0,0.0,0.0,4.0679521007232215e-10,5.210867833938584e-10,0.0,0.0,0.0,0.0
A206A,0.0,0.0,0.0,0.0,5.211478208636888e-10,6.648504634093283e-10,0.0,0.0,0.0,0.0
D118,0.0,0.0,0.0,0.0,1.730924108676942e-10,1.950335117628386e-10,0.0,0.0,0.0,0.0
MORI,0.0,0.0,0.0,0.0,2.4480035242443316e-10,2.973629483097617e-10,0.0,0.0,0.0,0.0
D040,0.0,0.0,0.0,0.0,4.87278022606714e-10,5.774489077041673e-10,0.0,0.0,0.0,0.0
SIRI,0.0,0.0,0.0,0.0,3.5202108261629664e-10,4.4545773889852117e-10,0.0,0.0,0.0,0.0
D087,0.0,0.0,0.0,0.0,2.3083336975827677e-10,2.4483610709162903e-10,0.0,0.0,0.0,0.0
D154,0.0,0.0,0.0,0.0,1.9438292918434822e-10,2.1189401477457323e-10,0.0,0.0,0.0,0.0
SATI,0.0,0.0,0.0,0.0,1.2899406052271443e-09,1.5768632605778904e-09,0.0,0.0,3.403584223417364e-10,1.0550702305600531e-09
ILLK,0.0,0.0,0.0,0.0,1.4499993019496843e-09,1.739710022178975e-09,1.3182935808158834e-08,4.8946221351300874e-08,0.0,0.0
D026,0.0,0.0,0.0,0.0,4.3690335936117884e-10,5.354284448842575e-10,0.0,0.0,0.0,0.0
A072A,0.0,0.0,0.0,0.0,1.8725086409305467e-10,1.9031443432608447e-10,0.0,0.0,0.0,0.0
D082,0.0,0.0,0.0,0.0,2.2848532533621228e-10,2.4396083915619256e-10,0.0,0.0,0.0,0.0
D070,0.0,0.0,0.0,0.0,3.7765246803723966e-10,4.279112134693995e-10,0.0,0.0,0.0,0.0
CE06,0.0,0.0,0.0,0.0,4.51776650066665e-10,4.99713359282211e-10,0.0,0.0,0.0,0.0
PLRO,0.0,0.0,0.0,0.0,5.014897462398166e-10,5.505520454067576e-10,0.0,0.0,0.0,0.0
SGT04,0.0,0.0,0.0,0.0,4.6524725525896476e-10,4.70662967782017e-10,0.0,0.0,4.003411366683333e-10,1.725050827420121e-09
D053,0.0,0.0,0.0,0.0,6.245389358016356e-10,7.253143899208405e-10,0.0,0.0,0.0,0.0
VNDS,0.0,0.0,0.0,0.0,4.593009421345625e-10,4.94430743305118e-10,0.0,0.0,0.0,0.0
D071,0.0,0.0,0.0,0.0,3.614808021151417e-10,4.2408233394127645e-10,0.0,0.0,0.0,0.0
A215A,0.0,0.0,0.0,0.0,6.64047991813821e-10,7.692141495298389e-10,0.0,0.0,0.0,0.0
D004,0.0,0.0,0.0,0.0,5.676888683714322e-10,6.882437372059626e-10,0.0,0.0,0.0,0.0
MCEL,0.0,0.0,0.0,0.0,4.452690561724936e-10,5.362231827212204e-10,0.0,0.0,0.0,0.0
BOURR,0.0,0.0,0.0,0.0,7.175643112847876e-10,7.922747652988877e-10,1.7449344705681674e-08,5.8542326486418444e-08,9.06808586000651e-10,3.06813773249235e-09
D058,0.0,0.0,0.0,0.0,1.6001783767892006e-10,1.8081442835814678e-10,0.0,0.0,0.0,0.0
D098,0.0,0.0,0.0,0.0,1.117215611057689e-09,1.2114714511995124e-09,0.0,0.0,0.0,0.0
D079,0.0,0.0,0.0,0.0,1.3146032216314788e-10,1.4641420729561214e-10,0.0,0.0,0.0,0.0
D095,0.0,0.0,0.0,0.0,1.80585321889918e-10,1.8558002052452702e-10,0.0,0.0,0.0,0.0
MTSN,0.0,0.0,0.0,0.0,4.362346859252873e-10,5.38280137366271e-10,0.0,0.0,0.0,0.0
D075,0.0,0.0,0.0,0.0,5.392516347375651e-10,6.487685601234206e-10,0.0,0.0,0.0,0.0
D016A,0.0,0.0,0.0,0.0,6.891111681337434e-09,5.930878090779367e-09,0.0,0.0,0.0,0.0
FIAM,0.0,0.0,0.0,0.0,5.678128798404195e-10,6.183626942077635e-10,0.0,0.0,0.0,0.0
CI36,0.0,0.0,0.0,0.0,1.998500001577373e-09,2.337460865499551e-09,0.0,0.0,0.0,0.0
CMPR,0.0,0.0,0.0,0.0,4.28723685676297e-10,5.590335196346205e-10,0.0,0.0,0.0,0.0
D094,0.0,0.0,0.0,0.0,2.3240969661174567e-10,2.7005529937260077e-10,0.0,0.0,0.0,0.0
MELA,0.0,0.0,0.0,0.0,8.953567308096104e-09,1.4008418893655794e-08,0.0,0.0,0.0,0.0
A167A,0.0,0.0,0.0,0.0,1.298739815144484e-09,1.5356016011462284e-09,0.0,0.0,0.0,0.0
CE04,0.0,0.0,0.0,0.0,5.141125432567393e-10,5.504970178025668e-10,0.0,0.0,0.0,0.0
TRIV,0.0,0.0,0.0,0.0,1.1301369144774698e-09,1.310678774533822e-09,0.0,0.0,0.0,0.0
CI12,0.0,0.0,0.0,0.0,1.230367805847137e-09,1.8143677095306647e-09,0.0,0.0,0.0,0.0
ZH031,0.0,0.0,0.0,0.0,0.0,0.0,3.315829276159274e-09,8.303809212746193e-09,0.0,0.0
FR18A,0.0,0.0,0.0,0.0,0.0,0.0,5.057036281271594e-09,1.7367286421457692e-08,0.0,0.0
ZH063,0.0,0.0,0.0,0.0,0.0,0.0,2.502598766182695e-09,6.046763378787884e-09,0.0,0.0
ZH011,0.0,0.0,0.0,0.0,0.0,0.0,4.6121294974948415e-09,1.1610599290669783e-08,0.0,0.0
CFAR,0.0,0.0,0.0,0.0,0.0,0.0,1.5415621397226863e-08,3.039661615513036e-08,0.0,0.0
ZH034,0.0,0.0,0.0,0.0,0.0,0.0,9.733932137466256e-10,3.477551227512219e-09,0.0,0.0
FR02A,0.0,0.0,0.0,0.0,0.0,0.0,8.379957907799102e-09,3.2876367652109454e-08,0.0,0.0
PLYF,0.0,0.0,0.0,0.0,0.0,0.0,9.801216809890757e-09,3.26356063227465e-08,0.0,0.0
STR,0.0,0.0,0.0,0.0,0.0,0.0,1.6588083622506936e-08,6.551960522199446e-08,0.0,0.0
ZH062,0.0,0.0,0.0,0.0,0.0,0.0,3.815475664672909e-09,8.390838393465354e-09,0.0,0.0
ZH052,0.0,0.0,0.0,0.0,0.0,0.0,2.216401060169797e-09,7.15771257885094e-09,0.0,0.0
ZH013,0.0,0.0,0.0,0.0,0.0,0.0,2.110377511009993e-09,5.793354346393432e-09,0.0,0.0
PDN9,0.0,0.0,0.0,0.0,0.0,0.0,4.219441644219677e-09,1.7606522911042863e-08,0.0,0.0
FR06A,0.0,0.0,0.0,0.0,0.0,0.0,1.5343525352070127e-08,5.0225368125474e-08,0.0,0.0
ZH051,0.0,0.0,0.0,0.0,0.0,0.0,3.6499391981993172e-09,9.350439169264606e-09,0.0,0.0
FR23A,0.0,0.0,0.0,0.0,0.0,0.0,3.877295716331999e-09,1.445937400311056e-08,0.0,0.0
CHAMB,0.0,0.0,0.0,0.0,0.0,0.0,1.0061217554829902e-08,3.1278613671898977e-08,0.0,0.0
FR03A,0.0,0.0,0.0,0.0,0.0,0.0,6.565270604767978e-09,2.9132576186228823e-08,0.0,0.0
ZH012,0.0,0.0,0.0,0.0,0.0,0.0,2.567170909655177e-09,6.944244747103147e-09,0.0,0.0
EIF04,0.0,0.0,0.0,0.0,0.0,0.0,6.3165523712814075e-09,2.7600514964166494e-08,0.0,0.0
ZH054,0.0,0.0,0.0,0.0,0.0,0.0,1.2269210600418124e-09,4.722249169617398e-09,0.0,0.0
CSCF,0.0,0.0,0.0,0.0,0.0,0.0,5.456409871399844e-09,2.2105279961983035e-08,0.0,0.0
ZH053,0.0,0.0,0.0,0.0,0.0,0.0,1.3622618127584112e-09,5.03577772765845e-09,0.0,0.0
CBUD,0.0,0.0,0.0,0.0,0.0,0.0,7.189235199149024e-09,1.9842773815091472e-08,0.0,0.0
VMAN,0.0,0.0,0.0,0.0,0.0,0.0,7.761642798068519e-09,2.972176544169344e-08,0.0,0.0
ZH033,0.0,0.0,0.0,0.0,0.0,0.0,1.3972063292849143e-09,5.3581996808637744e-09,0.0,0.0
FAHY,0.0,0.0,0.0,0.0,0.0,0.0,6.422817042036317e-09,1.9443833521157927e-08,0.0,0.0
FR30A,0.0,0.0,0.0,0.0,0.0,0.0,8.4668393839044e-09,3.0780031047556766e-08,0.0,0.0
ZH032,0.0,0.0,0.0,0.0,0.0,0.0,1.8248457218350302e-09,6.557822638300673e-09,0.0,0.0
ZH061,0.0,0.0,0.0,0.0,0.0,0.0,6.8024535474429954e-09,1.3535638935713116e-08,0.0,0.0
ZH064,0.0,0.0,0.0,0.0,0.0,0.0,2.240130878947563e-09,5.6143704136317525e-09,0.0,0.0
ZH041,0.0,0.0,0.0,0.0,0.0,0.0,5.080620645915925e-09,9.479164477150834e-09,0.0,0.0
FR31A,0.0,0.0,0.0,0.0,0.0,0.0,7.817776390451471e-09,2.1081656296895883e-08,0.0,0.0
EROQ,0.0,0.0,0.0,0.0,0.0,0.0,2.987487653554469e-09,1.0073001542869354e-08,0.0,0.0
ZH044,0.0,0.0,0.0,0.0,0.0,0.0,1.546041659114245e-09,5.280751926753775e-09,0.0,0.0
BLANC,0.0,0.0,0.0,0.0,0.0,0.0,3.94587734119707e-09,1.1071072696194076e-08,0.0,0.0
FR04A,0.0,0.0,0.0,0.0,0.0,0.0,4.379603748835252e-09,1.6723200267964836e-08,0.0,0.0
FR26A,0.0,0.0,0.0,0.0,0.0,0.0,7.791925035469707e-09,2.1510708621029783e-08,0.0,0.0
ZH043,0.0,0.0,0.0,0.0,0.0,0.0,1.669027939339867e-09,5.822504947845343e-09,0.0,0.0
ZH042,0.0,0.0,0.0,0.0,0.0,0.0,2.329921819204322e-09,6.958448188319295e-09,0.0,0.0
FR21A,0.0,0.0,0.0,0.0,0.0,0.0,4.03184385464179e-09,1.3755582946426541e-08,0.0,0.0
RSBS,0.0,0.0,0.0,0.0,0.0,0.0,2.573604945465606e-09,1.1096723628594477e-08,0.0,0.0
ARCN,0.0,0.0,0.0,0.0,0.0,0.0,2.48082734707278e-08,9.69576424638049e-08,0.0,0.0
FR08A,0.0,0.0,0.0,0.0,0.0,0.0,4.692283981465578e-09,1.9994643935043515e-08,0.0,0.0
FLACH,0.0,0.0,0.0,0.0,0.0,0.0,5.554491000533239e-09,1.8036415848727592e-08,0.0,0.0
OGRV,0.0,0.0,0.0,0.0,0.0,0.0,1.2202598181434561e-08,4.0875131730471465e-08,0.0,0.0
ZH014,0.0,0.0,0.0,0.0,0.0,0.0,1.0196795647527656e-09,2.3567787326741803e-09,0.0,0.0
BETS,0.0,0.0,0.0,0.0,0.0,0.0,1.8362446947760592e-08,7.488024578586672e-08,0.0,0.0
OPLO,0.0,0.0,0.0,0.0,0.0,0.0,2.5689241135258843e-08,9.48009090235004e-08,0.0,0.0
FR01A,0.0,0.0,0.0,0.0,0.0,0.0,4.6187169280571266e-09,1.787536525989083e-08,0.0,0.0
BAULM,0.0,0.0,0.0,0.0,0.0,0.0,6.250743902234164e-09,2.196088179147762e-08,0.0,0.0
CT55,0.0,0.0,0.0,0.0,0.0,0.0,0.0,0.0,9.236764961353031e-11,2.5885121225442906e-10
IGB08,0.0,0.0,0.0,0.0,0.0,0.0,0.0,0.0,2.0257264809842145e-11,5.0372722229043466e-11
E116,0.0,0.0,0.0,0.0,0.0,0.0,0.0,0.0,2.6884995760772934e-10,6.324792093072463e-10
FINB,0.0,0.0,0.0,0.0,0.0,0.0,0.0,0.0,2.938786987287734e-10,3.740842033956561e-10
ASEAF,0.0,0.0,0.0,0.0,0.0,0.0,0.0,0.0,9.418730448912313e-09,1.4553954298640765e-08
PY12B,0.0,0.0,0.0,0.0,0.0,0.0,0.0,0.0,2.857651222602009e-10,6.431569053482307e-10
JSA,0.0,0.0,0.0,0.0,0.0,0.0,0.0,0.0,1.2691421377931885e-09,2.0540779459150883e-09
CT07,0.0,0.0,0.0,0.0,0.0,0.0,0.0,0.0,2.928241424075322e-10,6.059238400778356e-10
SGT02,0.0,0.0,0.0,0.0,0.0,0.0,0.0,0.0,7.581271757294288e-10,2.548845951709026e-09
CT08,0.0,0.0,0.0,0.0,0.0,0.0,0.0,0.0,2.435279847135685e-10,4.73764350554938e-10
LOT2,0.0,0.0,0.0,0.0,0.0,0.0,0.0,0.0,3.41453110757387e-10,8.937770263047083e-10
CT37,0.0,0.0,0.0,0.0,0.0,0.0,0.0,0.0,2.631253200682437e-12,3.817350938890412e-12
CT16,0.0,0.0,0.0,0.0,0.0,0.0,0.0,0.0,2.3880011476423924e-10,4.659748192349838e-10
RENF,0.0,0.0,0.0,0.0,0.0,0.0,0.0,0.0,8.335270401205845e-10,2.045516096901328e-09
CT47,0.0,0.0,0.0,0.0,0.0,0.0,0.0,0.0,2.818470318029483e-10,4.4652847615998116e-10
PY29B,0.0,0.0,0.0,0.0,0.0,0.0,0.0,0.0,2.944762198261321e-10,6.353576958790002e-10
CT17,0.0,0.0,0.0,0.0,0.0,0.0,0.0,0.0,2.7367186639902906e-10,5.907575361539386e-10
CT20,0.0,0.0,0.0,0.0,0.0,0.0,0.0,0.0,2.0948242511936905e-10,3.8958649831284423e-10
CT11,0.0,0.0,0.0,0.0,0.0,0.0,0.0,0.0,2.592564143081454e-10,6.052514694571767e-10
CT04,0.0,0.0,0.0,0.0,0.0,0.0,0.0,0.0,3.498173178043922e-10,8.759842907632544e-10
PY24B,0.0,0.0,0.0,0.0,0.0,0.0,0.0,0.0,1.400392977839531e-09,1.5915138357408859e-09
CT43,0.0,0.0,0.0,0.0,0.0,0.0,0.0,0.0,3.650468814355504e-10,8.498222168086396e-10
IGB09,0.0,0.0,0.0,0.0,0.0,0.0,0.0,0.0,4.3343907138024096e-11,1.22535392380547e-10
E992,0.0,0.0,0.0,0.0,0.0,0.0,0.0,0.0,2.0254363125911884e-10,4.6166155945420763e-10
E100,0.0,0.0,0.0,0.0,0.0,0.0,0.0,0.0,2.1869097868387023e-10,5.379876963614053e-10
GROG,0.0,0.0,0.0,0.0,0.0,0.0,0.0,0.0,1.153197687977282e-09,1.300510319572202e-09
CT49,0.0,0.0,0.0,0.0,0.0,0.0,0.0,0.0,2.5391489025021435e-10,4.952725591084888e-10
CT35,0.0,0.0,0.0,0.0,0.0,0.0,0.0,0.0,2.347341364596987e-10,4.146531103028175e-10
PY4A,0.0,0.0,0.0,0.0,0.0,0.0,0.0,0.0,1.1890167899726332e-09,2.1422776326066353e-09
CT29,0.0,0.0,0.0,0.0,0.0,0.0,0.0,0.0,1.5198577666773863e-10,2.5068885159654744e-10
CT06,0.0,0.0,0.0,0.0,0.0,0.0,0.0,0.0,2.6905410113971983e-10,6.477818395709315e-10
PY49,0.0,0.0,0.0,0.0,0.0,0.0,0.0,0.0,9.47513655154136e-10,1.4110729014251313e-09
E994,0.0,0.0,0.0,0.0,0.0,0.0,0.0,0.0,1.5072947311024304e-10,3.6809726756148286e-10
CT30,0.0,0.0,0.0,0.0,0.0,0.0,0.0,0.0,5.900353425476143e-10,7.577640592106991e-10
CT51,0.0,0.0,0.0,0.0,0.0,0.0,0.0,0.0,3.4214334015567705e-10,8.810768044627302e-10
SGT03,0.0,0.0,0.0,0.0,0.0,0.0,0.0,0.0,4.1588184877569275e-10,1.5931168609643256e-09
CT41,0.0,0.0,0.0,0.0,0.0,0.0,0.0,0.0,2.522371202887813e-10,5.40472667763229e-10
CT03,0.0,0.0,0.0,0.0,0.0,0.0,0.0,0.0,8.276323702198599e-10,1.8339749206271975e-09
CT54,0.0,0.0,0.0,0.0,0.0,0.0,0.0,0.0,1.3383728420703453e-10,3.3884562425498673e-10
CT44,0.0,0.0,0.0,0.0,0.0,0.0,0.0,0.0,4.201900118001893e-10,9.327910118918921e-10
SGT01,0.0,0.0,0.0,0.0,0.0,0.0,0.0,0.0,6.347878019359139e-10,2.3733531414509242e-09
CT27,0.0,0.0,0.0,0.0,0.0,0.0,0.0,0.0,1.4262269904024405e-10,3.0765569071151645e-10
PY42B,0.0,0.0,0.0,0.0,0.0,0.0,0.0,0.0,4.83521510308994e-10,1.0846873013880083e-09
DOI,0.0,0.0,0.0,0.0,0.0,0.0,0.0,0.0,3.959730185551371e-10,7.548354532867205e-10
CT10,0.0,0.0,0.0,0.0,0.0,0.0,0.0,0.0,2.941228898876973e-10,6.562082533502974e-10
IGB06,0.0,0.0,0.0,0.0,0.0,0.0,0.0,0.0,2.0218908898316312e-11,5.091778474343936e-11
PY39,0.0,0.0,0.0,0.0,0.0,0.0,0.0,0.0,2.5264297894360305e-10,6.056306638516865e-10
PY30,0.0,0.0,0.0,0.0,0.0,0.0,0.0,0.0,2.470609297537714e-10,5.618783710569121e-10
PY47,0.0,0.0,0.0,0.0,0.0,0.0,0.0,0.0,6.177923134332727e-10,1.11579860535288e-09
PGT2,0.0,0.0,0.0,0.0,0.0,0.0,0.0,0.0,5.282584873875431e-10,5.97858567208272e-10
CT22,0.0,0.0,0.0,0.0,0.0,0.0,0.0,0.0,2.576595810331582e-10,6.984470042151962e-10
PY45,0.0,0.0,0.0,0.0,0.0,0.0,0.0,0.0,7.423038005906132e-10,1.5103620424266108e-09
CT01,0.0,0.0,0.0,0.0,0.0,0.0,0.0,0.0,4.92541823072847e-10,9.23375655851989e-10
CT21,0.0,0.0,0.0,0.0,0.0,0.0,0.0,0.0,1.846435506889833e-10,3.5388179400737376e-10
CT46,0.0,0.0,0.0,0.0,0.0,0.0,0.0,0.0,2.749360226475531e-10,5.617643471419257e-10
IGB02,0.0,0.0,0.0,0.0,0.0,0.0,0.0,0.0,1.3974222000362121e-11,3.8309380793885086e-11
CT05,0.0,0.0,0.0,0.0,0.0,0.0,0.0,0.0,3.023320082505739e-10,6.110081890641886e-10
E143,0.0,0.0,0.0,0.0,0.0,0.0,0.0,0.0,2.445262780982493e-10,4.634737363471212e-10
PY19,0.0,0.0,0.0,0.0,0.0,0.0,0.0,0.0,2.9729835197734283e-10,5.517160551454419e-10
CT24,0.0,0.0,0.0,0.0,0.0,0.0,0.0,0.0,2.846297905281996e-10,6.03669475600073e-10
MAIM,0.0,0.0,0.0,0.0,0.0,0.0,0.0,0.0,2.386572637396646e-10,3.8081477923913357e-10
IGB10,0.0,0.0,0.0,0.0,0.0,0.0,0.0,0.0,1.8829665198388602e-11,5.762225779082052e-11
PY31,0.0,0.0,0.0,0.0,0.0,0.0,0.0,0.0,2.3597222038695667e-10,5.277679987824292e-10
CT13,0.0,0.0,0.0,0.0,0.0,0.0,0.0,0.0,4.0054942477927145e-10,6.499320310248778e-10
IGB07,0.0,0.0,0.0,0.0,0.0,0.0,0.0,0.0,1.906616017615254e-11,5.82556784368819e-11
ORT2,0.0,0.0,0.0,0.0,0.0,0.0,0.0,0.0,2.6285101892094054e-10,5.693061627384387e-10
CT02,0.0,0.0,0.0,0.0,0.0,0.0,0.0,0.0,1.4213661348327599e-09,3.149998838002908e-09
PY38,0.0,0.0,0.0,0.0,0.0,0.0,0.0,0.0,3.0165025949168604e-10,7.644739910340459e-10
PY96,0.0,0.0,0.0,0.0,0.0,0.0,0.0,0.0,1.9100390915071215e-09,4.171778897662422e-09
ROT2,0.0,0.0,0.0,0.0,0.0,0.0,0.0,0.0,8.08102985186268e-10,1.5688785033538995e-09
PY94,0.0,0.0,0.0,0.0,0.0,0.0,0.0,0.0,3.143731237506149e-10,6.927662045564667e-10
IGB03,0.0,0.0,0.0,0.0,0.0,0.0,0.0,0.0,2.2482696012296235e-11,6.922500819775387e-11
CT36,0.0,0.0,0.0,0.0,0.0,0.0,0.0,0.0,3.1995391954523027e-10,5.881686353692582e-10
CT40,0.0,0.0,0.0,0.0,0.0,0.0,0.0,0.0,1.0185567395620482e-09,2.1850342512790846e-09
HMNX,0.0,0.0,0.0,0.0,0.0,0.0,0.0,0.0,4.545706255810457e-09,7.631922413204456e-09
CT14,0.0,0.0,0.0,0.0,0.0,0.0,0.0,0.0,2.29098066174688e-10,5.446316404083655e-10
CT33,0.0,0.0,0.0,0.0,0.0,0.0,0.0,0.0,1.5722794954388434e-10,3.6874591980673924e-10
CASP,0.0,0.0,0.0,0.0,0.0,0.0,0.0,0.0,3.484153057027095e-10,4.379778421401064e-10
CT50,0.0,0.0,0.0,0.0,0.0,0.0,0.0,0.0,2.0178187069724319e-10,3.6937079292167776e-10
PY13,0.0,0.0,0.0,0.0,0.0,0.0,0.0,0.0,2.805091197553502e-10,5.719190742233128e-10
E155,0.0,0.0,0.0,0.0,0.0,0.0,0.0,0.0,4.1284412841299515e-10,7.02882247278333e-10
PY35B,0.0,0.0,0.0,0.0,0.0,0.0,0.0,0.0,3.8410651974084926e-10,7.552910424420085e-10
DYA,0.0,0.0,0.0,0.0,0.0,0.0,0.0,0.0,1.214300040148869e-09,2.487414303695303e-09
PY41,0.0,0.0,0.0,0.0,0.0,0.0,0.0,0.0,1.985495715752692e-09,2.3043113761233066e-09
CT56,0.0,0.0,0.0,0.0,0.0,0.0,0.0,0.0,5.154855728099947e-10,1.0387970564038675e-09
PY46,0.0,0.0,0.0,0.0,0.0,0.0,0.0,0.0,7.787879976453301e-10,1.3883375177178495e-09
LSD,0.0,0.0,0.0,0.0,0.0,0.0,0.0,0.0,2.907505065605186e-10,8.23623689177301e-10
CT25,0.0,0.0,0.0,0.0,0.0,0.0,0.0,0.0,1.18423401773421e-10,2.918478817771432e-10
PY48,0.0,0.0,0.0,0.0,0.0,0.0,0.0,0.0,1.0873711505188744e-09,1.927037282879603e-09
PY92,0.0,0.0,0.0,0.0,0.0,0.0,0.0,0.0,4.491827520487087e-10,8.689514242324751e-10
CT31,0.0,0.0,0.0,0.0,0.0,0.0,0.0,0.0,1.1209514923180686e-10,2.909764558593741e-10
CT53,0.0,0.0,0.0,0.0,0.0,0.0,0.0,0.0,2.9061588416735343e-10,5.647344971725203e-10
PY20,0.0,0.0,0.0,0.0,0.0,0.0,0.0,0.0,2.910230721177427e-10,5.122163318043303e-10
CT15,0.0,0.0,0.0,0.0,0.0,0.0,0.0,0.0,1.5773942027688567e-10,2.785774307721807e-10
CT34,0.0,0.0,0.0,0.0,0.0,0.0,0.0,0.0,1.5001568541102866e-10,3.2156665687325544e-10
CT12,0.0,0.0,0.0,0.0,0.0,0.0,0.0,0.0,4.2979753902763953e-10,1.0774051787156002e-09
E154,0.0,0.0,0.0,0.0,0.0,0.0,0.0,0.0,4.585032857601713e-10,6.533886065943801e-10
PY32,0.0,0.0,0.0,0.0,0.0,0.0,0.0,0.0,2.702381637856535e-10,5.191393316043476e-10
CT39,0.0,0.0,0.0,0.0,0.0,0.0,0.0,0.0,2.0390903783381305e-10,4.5050577883316496e-10
E144,0.0,0.0,0.0,0.0,0.0,0.0,0.0,0.0,3.3082813664265083e-10,7.733170062971691e-10
CT28,0.0,0.0,0.0,0.0,0.0,0.0,0.0,0.0,1.2464250814022389e-10,2.591915681949817e-10
CT23,0.0,0.0,0.0,0.0,0.0,0.0,0.0,0.0,1.7502425839698793e-10,3.9051259835159844e-10
CT18,0.0,0.0,0.0,0.0,0.0,0.0,0.0,0.0,1.8520510999411097e-10,3.3304773355769427e-10
CT09,0.0,0.0,0.0,0.0,0.0,0.0,0.0,0.0,2.2307347492187127e-10,4.6155135594587267e-10
PY43,0.0,0.0,0.0,0.0,0.0,0.0,0.0,0.0,5.077829761913583e-10,8.955607792803583e-10
CT19,0.0,0.0,0.0,0.0,0.0,0.0,0.0,0.0,2.0143321619021705e-10,3.8141345731525896e-10
CT42,0.0,0.0,0.0,0.0,0.0,0.0,0.0,0.0,2.2868223460933576e-10,6.176870661799891e-10
CT26,0.0,0.0,0.0,0.0,0.0,0.0,0.0,0.0,1.8726491869978173e-10,4.4579955487478205e-10
PY3AB,0.0,0.0,0.0,0.0,0.0,0.0,0.0,0.0,2.867861647009838e-10,5.988461275599767e-10
NEGI,0.0,0.0,0.0,0.0,0.0,0.0,0.0,0.0,8.1583741865786e-10,1.1545931497620055e-09
PY95,0.0,0.0,0.0,0.0,0.0,0.0,0.0,0.0,1.0224904042224954e-09,2.34344449841243e-09
E128,0.0,0.0,0.0,0.0,0.0,0.0,0.0,0.0,7.193161923496382e-10,1.3668951010928549e-09
E090,0.0,0.0,0.0,0.0,0.0,0.0,0.0,0.0,2.4996328320842134e-10,6.307600877975057e-10
E093,0.0,0.0,0.0,0.0,0.0,0.0,0.0,0.0,3.8192444035541324e-10,7.557463866192646e-10
CT32,0.0,0.0,0.0,0.0,0.0,0.0,0.0,0.0,1.619092127730477e-10,3.203930660126874e-10
PY25,0.0,0.0,0.0,0.0,0.0,0.0,0.0,0.0,1.1927256960482016e-10,2.932471953080083e-10
